date,corn_eu,wheat_eu
2015-11-20,159.81,166.48
2015-11-27,162.4,167.77
2015-12-04,161.5,167.17
2015-12-11,162.49,164.6
2015-12-18,158.95,162.46
2015-12-25,158.37,163.33
2016-01-08,161.62,164.26
2016-01-15,159.16,162.67
2016-01-22,155.51,158.01
2016-01-29,158.64,160.24
2016-02-05,156.43,156.59
2016-02-12,153.64,153.07
2016-02-19,156.39,153.56
2016-02-26,156.0,152.45
2016-03-04,155.82,149.87
2016-03-11,151.45,150.26
2016-03-18,154.12,149.18
2016-03-25,151.24,151.56
2016-04-01,153.69,150.75
2016-04-08,152.05,147.95
2016-04-15,155.26,148.73
2016-04-22,155.67,148.7
2016-04-29,158.03,147.21
2016-05-06,158.93,148.9
2016-05-13,159.2,147.6
2016-05-20,161.11,146.5
2016-05-27,162.93,146.8
2016-06-03,163.75,149.46
2016-06-10,169.19,151.89
2016-06-17,173.23,151.29
2016-06-24,171.23,152.76
2016-07-01,168.98,149.51
2016-07-08,168.27,147.8
2016-07-15,165.39,144.99
2016-07-22,168.95,146.88
2016-07-29,171.72,145.12
2016-08-05,170.35,144.7
2016-08-12,170.21,144.93
2016-08-19,169.41,147.31
2016-08-26,170.61,148.41
2016-09-02,164.05,145.44
2016-09-09,160.62,147.0
2016-09-16,159.01,145.13
2016-09-23,153.34,145.45
2016-09-30,148.66,145.39
2016-10-07,151.04,144.97
2016-10-14,151.01,145.89
2016-10-21,148.69,148.16
2016-10-28,148.45,148.44
2016-11-04,149.87,148.69
2016-11-11,151.77,149.88
2016-11-18,152.14,149.96
2016-11-25,153.56,152.64
2016-12-02,150.99,153.22
2016-12-09,151.93,153.33
2016-12-16,150.48,152.43
2016-12-23,151.4,150.26
2017-01-06,157.3,155.89
2017-01-13,158.03,156.39
2017-01-20,158.8,156.18
2017-01-27,157.53,157.94
2017-02-03,161.11,158.14
2017-02-10,159.74,158.68
2017-02-17,160.7,159.09
2017-02-24,162.15,160.61
2017-03-03,164.74,161.02
2017-03-10,162.52,161.12
2017-03-17,163.33,160.33
2017-03-24,163.11,160.11
2017-03-31,163.58,159.64
2017-04-07,165.01,160.08
2017-04-14,164.28,159.51
2017-04-21,163.69,158.76
2017-04-28,163.96,160.83
2017-05-05,165.43,161.83
2017-05-12,165.44,160.55
2017-05-19,164.87,160.55
2017-05-26,165.36,161.98
2017-06-02,165.29,162.08
2017-06-09,164.12,162.22
2017-06-16,164.2,161.77
2017-06-23,164.77,162.58
2017-06-30,166.01,163.24
2017-07-07,166.24,164.25
2017-07-14,166.22,164.13
2017-07-21,166.14,161.61
2017-07-28,163.69,159.57
2017-08-04,161.07,158.24
2017-08-11,164.36,158.15
2017-08-18,165.35,159.08
2017-08-25,163.5,156.77
2017-09-01,162.42,156.43
2017-09-08,161.17,155.84
2017-09-15,161.03,155.99
2017-09-22,159.26,155.65
2017-09-29,157.86,156.65
2017-10-06,155.21,156.53
2017-10-13,156.1,158.02
2017-10-20,153.64,157.83
2017-10-27,153.14,157.92
2017-11-03,152.18,159.26
2017-11-10,154.09,158.85
2017-11-17,152.92,159.64
2017-11-24,153.87,162.06
2017-12-01,154.81,159.73
2017-12-08,155.65,159.71
2017-12-15,156.15,159.8
2017-12-22,156.88,161.96
2017-12-29,156.68,160.23
2018-01-05,157.0,160.54
2018-01-12,157.17,160.93
2018-01-19,157.72,162.58
2018-01-26,158.04,162.86
2018-02-02,157.84,162.84
2018-02-09,156.95,162.51
2018-02-16,157.46,160.76
2018-02-23,158.36,164.02
2018-03-02,159.61,162.56
2018-03-09,160.14,161.38
2018-03-16,164.39,163.84
2018-03-23,162.11,163.33
2018-03-30,161.66,162.55
2018-04-06,163.29,164.5
2018-04-13,164.72,163.22
2018-04-20,163.68,162.24
2018-04-27,162.77,161.88
2018-05-04,166.83,164.26
2018-05-11,167.5,167.07
2018-05-18,166.26,164.78
2018-05-25,167.35,165.21
2018-06-01,167.11,165.66
2018-06-08,169.44,167.57
2018-06-15,167.22,167.72
2018-06-22,165.36,167.05
2018-06-29,164.98,162.87
2018-07-06,166.04,162.93
2018-07-13,165.11,164.64
2018-07-20,166.69,162.57
2018-07-27,169.51,168.77
2018-08-03,170.32,173.96
2018-08-10,175.51,178.57
2018-08-17,176.87,180.13
2018-08-24,173.13,181.57
2018-08-31,170.67,181.62
2018-09-07,173.72,181.63
2018-09-14,164.21,178.61
2018-09-21,166.66,184.29
2018-09-28,162.63,183.96
2018-10-05,162.38,184.77
2018-10-12,162.15,187.28
2018-10-19,161.18,187.67
2018-10-26,160.24,187.5
2018-11-02,160.58,186.93
2018-11-09,162.3,189.13
2018-11-16,162.12,190.51
2018-11-23,163.73,190.45
2018-11-30,162.76,189.6
2018-12-07,163.7,190.65
2018-12-14,163.19,192.44
2018-12-21,164.26,194.44
2018-12-28,166.76,192.61
2019-01-11,166.6,194.78
2019-01-18,164.88,193.1
2019-01-25,165.99,197.21
2019-02-01,166.84,199.22
2019-02-08,165.95,198.5
2019-02-15,166.41,194.67
2019-02-22,165.8,193.98
2019-03-01,164.58,194.29
2019-03-08,162.8,192.19
2019-03-15,162.56,193.16
2019-03-22,164.07,190.71
2019-03-29,163.87,190.47
2019-04-05,161.9,189.76
2019-04-12,162.02,190.23
2019-04-19,161.2,185.96
2019-04-26,164.15,184.78
2019-05-03,161.94,183.79
2019-05-10,163.53,184.83
2019-05-17,163.25,184.04
2019-05-24,160.95,181.19
2019-05-31,162.48,182.31
2019-06-07,163.76,183.87
2019-06-14,165.78,184.51
2019-06-21,166.07,178.98
2019-06-28,164.06,180.24
2019-07-05,166.23,173.56
2019-07-12,165.91,172.5
2019-07-19,164.37,168.49
2019-07-26,168.53,166.31
2019-08-02,167.59,167.0
2019-08-09,165.47,164.23
2019-08-16,163.17,164.68
2019-08-23,163.0,163.71
2019-08-30,160.94,162.82
2019-09-06,159.97,162.52
2019-09-13,157.98,162.53
2019-09-20,150.16,162.44
2019-09-27,151.7,163.3
2019-10-04,148.16,162.93
2019-10-11,148.55,165.02
2019-10-18,148.55,166.67
2019-10-25,147.69,167.32
2019-11-01,149.79,167.57
2019-11-08,151.77,167.43
2019-11-15,153.49,169.19
2019-11-22,150.61,169.89
2019-11-29,154.39,171.18
2019-12-06,154.76,171.43
2019-12-13,154.75,173.21
2019-12-20,154.76,175.12
2019-12-27,160.07,173.81
2020-01-10,157.9,175.57
2020-01-17,160.21,181.29
2020-01-24,159.55,182.22
2020-01-31,160.82,183.71
2020-02-07,160.09,184.01
2020-02-14,161.09,184.74
2020-02-21,161.66,184.25
2020-02-28,161.75,184.04
2020-03-06,160.89,178.98
2020-03-13,160.62,180.11
2020-03-20,161.95,178.53
2020-03-27,162.15,181.84
2020-04-03,163.63,182.44
2020-04-10,162.53,183.37
2020-04-17,163.53,183.94
2020-04-24,164.78,187.22
2020-05-01,161.78,183.41
2020-05-08,162.22,184.35
2020-05-15,160.52,182.28
2020-05-22,161.51,181.53
2020-05-29,161.37,182.03
2020-06-05,162.88,181.46
2020-06-12,161.14,177.57
2020-06-19,160.52,177.41
2020-06-26,163.78,178.31
2020-07-03,162.4,172.9
2020-07-10,161.88,173.79
2020-07-17,164.9,169.21
2020-07-24,164.5,168.23
2020-07-31,166.1,170.9
2020-08-07,168.7,170.2
2020-08-14,170.71,166.69
2020-08-21,171.59,167.72
2020-08-28,169.4,169.74
2020-09-04,166.93,170.94
2020-09-11,166.38,171.49
2020-09-18,167.54,172.01
2020-09-25,164.37,174.61
2020-10-02,162.83,176.24
2020-10-09,161.86,173.84
2020-10-16,163.8,179.49
2020-10-23,166.19,184.28
2020-10-30,169.2,185.89
2020-11-06,170.97,187.84
2020-11-13,174.81,189.21
2020-11-20,175.02,187.91
2020-11-27,177.35,192.95
2020-12-04,177.97,193.18
2020-12-11,176.66,194.44
2020-12-18,176.61,193.67
2020-12-25,178.35,191.56
2021-01-08,185.53,201.31
2021-01-15,193.11,205.48
2021-01-22,197.79,211.2
2021-01-29,200.67,211.44
2021-02-05,202.29,211.69
2021-02-12,205.12,214.26
2021-02-19,207.43,211.88
2021-02-26,207.45,217.16
2021-03-05,206.83,216.25
2021-03-12,212.96,213.26
2021-03-19,213.22,214.25
2021-03-26,211.74,216.4
2021-04-02,209.69,211.5
2021-04-09,208.7,211.0
2021-04-16,210.73,212.24
2021-04-23,218.22,209.5
2021-04-30,225.7,217.71
2021-05-07,229.81,217.91
2021-05-14,233.13,216.53
2021-05-21,240.31,213.4
2021-05-28,239.72,213.45
2021-06-04,238.72,215.74
2021-06-11,239.67,216.18
2021-06-18,245.43,210.2
2021-06-25,239.08,208.02
2021-07-02,228.98,207.0
2021-07-09,231.94,204.33
2021-07-16,237.02,195.19
2021-07-23,235.53,195.57
2021-07-30,235.25,197.03
2021-08-06,237.06,202.02
2021-08-13,242.65,206.68
2021-08-20,241.2,213.47
2021-08-27,245.5,221.38
2021-09-03,228.29,220.72
2021-09-10,244.13,220.79
2021-09-17,241.66,226.51
2021-09-24,238.06,229.7
2021-10-01,233.02,232.2
2021-10-08,230.87,236.13
2021-10-15,239.78,244.58
2021-10-22,240.32,251.5
2021-10-29,243.41,258.1
2021-11-05,248.34,259.51
2021-11-12,243.68,263.43
2021-11-19,246.52,274.08
2021-11-26,250.68,275.7
2021-12-03,246.98,275.24
2021-12-10,251.3,272.63
2021-12-17,246.99,272.67
2021-12-24,247.96,269.11
2022-01-07,249.99,274.86
2022-01-14,256.83,276.78
2022-01-21,255.05,279.38
2022-01-28,258.09,283.18
2022-02-04,259.38,278.59
2022-02-11,258.58,277.58
2022-02-18,260.53,278.51
2022-02-25,265.03,282.42
2022-03-04,304.5,310.36
2022-03-11,333.32,339.98
2022-03-18,336.42,350.05
2022-03-25,340.3,357.16
2022-04-01,348.58,358.15
2022-04-08,347.86,363.88
2022-04-15,345.21,369.46
2022-04-22,346.79,377.5
2022-04-29,348.13,375.17
2022-05-06,343.61,374.84
2022-05-13,353.29,387.33
2022-05-20,340.37,394.33
2022-05-27,337.42,389.21
2022-06-03,338.87,384.04
2022-06-10,341.01,380.44
2022-06-17,334.75,377.3
2022-06-24,337.66,369.39
2022-07-01,330.73,353.22
2022-07-08,324.23,351.5
2022-07-15,325.77,344.93
2022-07-22,327.0,342.15
2022-07-29,325.11,330.58
2022-08-05,329.23,331.75
2022-08-12,321.28,334.09
2022-08-19,329.44,330.34
2022-08-26,334.63,332.62
2022-09-02,336.41,330.78
2022-09-09,328.39,335.14
2022-09-16,324.17,334.61
2022-09-23,330.33,335.53
2022-09-30,328.34,337.34
2022-10-07,324.27,340.26
2022-10-14,325.59,343.79
2022-10-21,325.05,342.15
2022-10-28,325.21,342.71
2022-11-04,336.02,345.08
2022-11-11,329.79,340.63
2022-11-18,327.58,333.97
2022-11-25,320.27,330.08
2022-12-02,306.46,323.16
2022-12-09,305.56,318.57
2022-12-16,300.19,317.21
2022-12-23,299.86,314.42
2023-01-06,309.73,312.76
2023-01-13,310.07,309.58
2023-01-20,303.72,304.8
2023-01-27,301.43,296.23
2023-02-03,299.28,300.26
2023-02-10,302.41,293.98
2023-02-17,305.23,291.56
2023-02-24,295.87,290.29
2023-03-03,295.99,284.57
2023-03-10,293.59,275.66
2023-03-17,283.79,269.38
2023-03-24,275.41,263.63
2023-03-31,276.64,264.65
2023-04-07,271.74,260.0
2023-04-14,275.49,255.49
2023-04-21,269.07,254.96
2023-04-28,264.53,249.69
2023-05-05,264.22,244.43
2023-05-12,258.32,239.38
2023-05-19,247.09,234.99
2023-05-26,241.57,227.59
2023-06-02,238.82,227.2
2023-06-09,239.48,226.37
2023-06-16,242.24,229.11
2023-06-23,237.22,226.29
2023-06-30,238.5,231.48
2023-07-07,234.88,221.48
2023-07-14,238.52,220.79
2023-07-21,234.53,221.72
2023-07-28,242.7,226.33
2023-08-04,232.16,223.89
2023-08-11,240.78,223.16
2023-08-18,235.16,218.49
2023-08-25,233.71,223.67
2023-09-01,232.81,221.65
2023-09-08,228.09,223.23
2023-09-15,226.16,221.32
2023-09-22,215.91,223.62
2023-09-29,211.6,222.66
2023-10-06,209.02,221.31
2023-10-13,208.66,224.65
2023-10-20,205.32,220.83
2023-10-27,205.86,225.9
2023-11-03,206.93,222.05
2023-11-10,204.59,217.87
2023-11-17,205.73,220.29
2023-11-24,206.99,219.1
2023-12-01,207.28,218.5
2023-12-08,206.74,221.64
2023-12-15,205.3,218.04
2023-12-22,205.07,217.25
2023-12-29,207.43,213.61
2024-01-05,205.78,218.68
2024-01-12,199.99,214.5
2024-01-19,203.19,220.11
2024-01-26,201.45,219.2
2024-02-02,197.71,216.1
2024-02-09,197.17,210.89
2024-02-16,196.68,207.34
2024-02-23,191.52,207.86
2024-03-01,190.96,204.2
2024-03-08,187.76,200.17
2024-03-15,190.52,199.57
2024-03-22,191.78,196.49
2024-03-29,195.59,200.89
2024-04-05,196.75,201.99
2024-04-12,196.84,200.75
2024-04-19,195.04,199.62
2024-04-26,196.56,201.63
2024-05-03,194.9,201.34
2024-05-10,202.92,209.99
2024-05-17,203.67,216.87
2024-05-24,207.83,218.73
2024-05-31,207.33,221.02
2024-06-07,211.59,218.09
2024-06-14,211.01,220.3
2024-06-21,211.26,216.38
2024-06-28,208.82,209.8
2024-07-05,210.24,207.68
2024-07-12,213.83,206.18
2024-07-19,209.9,201.49
2024-07-26,208.35,203.57
2024-08-02,215.69,205.75
2024-08-09,208.62,206.86
2024-08-16,215.92,207.95
2024-08-23,212.71,204.65
2024-08-30,213.47,202.07
2024-09-06,213.17,204.6
2024-09-13,210.69,208.14
2024-09-20,206.43,209.52
2024-09-27,207.58,209.67
2024-10-04,208.19,212.8
2024-10-11,212.82,217.25
2024-10-18,213.48,215.82
2024-10-25,214.7,217.22
2024-11-01,215.82,218.2
2024-11-08,214.57,215.58
2024-11-15,214.06,217.4
2024-11-22,216.16,223.22
2024-11-29,212.84,216.9
2024-12-06,217.24,220.92
2024-12-13,216.24,221.85
2024-12-20,218.88,221.82
2024-12-27,214.12,222.13
2025-01-10,219.41,224.35
2025-01-17,221.68,225.54
2025-01-24,220.28,228.32
2025-01-31,217.99,225.74
2025-02-07,219.67,230.72
2025-02-14,220.24,227.52
2025-02-21,222.86,229.89
2025-02-28,224.96,230.55
2025-03-07,222.06,228.37
2025-03-14,221.06,224.88
2025-03-21,221.5,225.4
2025-03-28,222.12,227.53
2025-04-04,220.04,229.9
2025-04-11,220.68,227.52
2025-04-18,216.08,220.76
2025-04-25,221.26,223.76
2025-05-02,214.17,222.01
2025-05-09,215.14,219.95
2025-05-16,213.17,214.84
2025-05-23,213.19,218.06
2025-05-30,218.51,213.94
2025-06-06,214.5,208.85
2025-06-13,212.5,216.54
2025-06-20,215.67,213.99
2025-06-27,217.51,207.0
2025-07-04,219.99,198.52
2025-07-11,220.67,197.53
2025-07-18,222.63,198.01
2025-07-25,221.88,198.0
2025-08-01,223.66,202.78
2025-08-08,221.18,200.22
2025-08-15,216.4,200.07
2025-08-22,223.25,200.02
2025-08-29,219.41,198.98
2025-09-05,220.69,198.07
2025-09-12,217.65,196.4
2025-09-19,213.35,196.58
2025-09-26,211.36,197.39
2025-10-03,202.24,196.71
2025-10-10,201.96,195.95
2025-10-17,200.16,196.25
2025-10-24,199.34,194.7
2025-10-31,204.48,198.84
2025-11-07,203.27,199.37
2025-11-14,207.57,197.23
2025-11-21,205.46,198.46
2025-11-28,203.56,200.75
2025-12-05,204.83,198.56
2025-12-12,204.89,199.25
2025-12-19,200.57,199.17
2025-12-26,209.19,198.85
2026-01-09,205.15,203.01
2026-01-16,203.98,199.73
2026-01-23,203.79,198.31
2026-01-30,201.83,195.62
2026-02-06,200.77,196.48
2026-02-13,199.4,197.9
2026-02-20,200.67,198.66
2026-02-27,200.0,200.35
2026-03-06,207.22,201.4
2026-03-13,206.8,201.36
2026-03-20,208.15,200.76
2026-03-27,212.15,199.68
2026-04-03,212.54,202.06
2026-04-10,215.78,200.11
2026-04-17,215.09,197.72
2026-04-24,214.19,198.85
2026-05-01,215.04,199.65
2026-05-08,219.17,200.0
2026-05-15,219.24,200.03
2026-05-22,215.46,201.23
2026-05-29,216.45,203.41
2026-06-05,216.46,202.39
2026-06-12,218.78,201.4
2026-06-19,218.02,200.16
2026-06-26,219.29,201.72
2026-07-03,224.22,199.28
2026-07-10,219.21,197.31
2026-07-17,222.94,201.13
2026-07-24,231.84,203.9
2026-07-31,225.66,206.83
