,region,crop,Market_Year,Attribute_Description,Value,Unit_Description
0,EU,corn,1999,Area Harvested,9260.0,(1000 HA)
1,EU,corn,1999,Production,59186.0,(1000 MT)
2,EU,corn,1999,Yield,6.39,(MT/HA)
3,EU,corn,2000,Area Harvested,9266.0,(1000 HA)
4,EU,corn,2000,Production,51843.0,(1000 MT)
5,EU,corn,2000,Yield,5.6,(MT/HA)
6,EU,corn,2001,Area Harvested,9837.0,(1000 HA)
7,EU,corn,2001,Production,60079.0,(1000 MT)
8,EU,corn,2001,Yield,6.11,(MT/HA)
9,EU,corn,2002,Area Harvested,9386.0,(1000 HA)
10,EU,corn,2002,Production,59929.0,(1000 MT)
11,EU,corn,2002,Yield,6.38,(MT/HA)
12,EU,corn,2003,Area Harvested,9554.0,(1000 HA)
13,EU,corn,2003,Production,50170.0,(1000 MT)
14,EU,corn,2003,Yield,5.25,(MT/HA)
15,EU,corn,2004,Area Harvested,10140.0,(1000 HA)
16,EU,corn,2004,Production,68865.0,(1000 MT)
17,EU,corn,2004,Yield,6.79,(MT/HA)
18,EU,corn,2005,Area Harvested,9634.0,(1000 HA)
19,EU,corn,2005,Production,63364.0,(1000 MT)
20,EU,corn,2005,Yield,6.58,(MT/HA)
21,EU,corn,2006,Area Harvested,8841.0,(1000 HA)
22,EU,corn,2006,Production,55887.0,(1000 MT)
23,EU,corn,2006,Yield,6.32,(MT/HA)
24,EU,corn,2007,Area Harvested,8852.0,(1000 HA)
25,EU,corn,2007,Production,49481.0,(1000 MT)
26,EU,corn,2007,Yield,5.59,(MT/HA)
27,EU,corn,2008,Area Harvested,9238.0,(1000 HA)
28,EU,corn,2008,Production,65131.0,(1000 MT)
29,EU,corn,2008,Yield,7.05,(MT/HA)
30,EU,corn,2009,Area Harvested,8670.0,(1000 HA)
31,EU,corn,2009,Production,59540.0,(1000 MT)
32,EU,corn,2009,Yield,6.87,(MT/HA)
33,EU,corn,2010,Area Harvested,8409.0,(1000 HA)
34,EU,corn,2010,Production,58618.0,(1000 MT)
35,EU,corn,2010,Yield,6.97,(MT/HA)
36,EU,corn,2011,Area Harvested,9158.0,(1000 HA)
37,EU,corn,2011,Production,68316.0,(1000 MT)
38,EU,corn,2011,Yield,7.46,(MT/HA)
39,EU,corn,2012,Area Harvested,9785.0,(1000 HA)
40,EU,corn,2012,Production,59142.0,(1000 MT)
41,EU,corn,2012,Yield,6.04,(MT/HA)
42,EU,corn,2013,Area Harvested,9747.0,(1000 HA)
43,EU,corn,2013,Production,64931.0,(1000 MT)
44,EU,corn,2013,Yield,6.66,(MT/HA)
45,EU,corn,2014,Area Harvested,9557.0,(1000 HA)
46,EU,corn,2014,Production,75734.0,(1000 MT)
47,EU,corn,2014,Yield,7.92,(MT/HA)
48,EU,corn,2015,Area Harvested,9252.0,(1000 HA)
49,EU,corn,2015,Production,58748.0,(1000 MT)
50,EU,corn,2015,Yield,6.35,(MT/HA)
51,EU,corn,2016,Area Harvested,8557.0,(1000 HA)
52,EU,corn,2016,Production,61909.0,(1000 MT)
53,EU,corn,2016,Yield,7.23,(MT/HA)
54,EU,corn,2017,Area Harvested,8250.0,(1000 HA)
55,EU,corn,2017,Production,62021.0,(1000 MT)
56,EU,corn,2017,Yield,7.52,(MT/HA)
57,EU,corn,2018,Area Harvested,8274.0,(1000 HA)
58,EU,corn,2018,Production,64351.0,(1000 MT)
59,EU,corn,2018,Yield,7.78,(MT/HA)
60,EU,corn,2019,Area Harvested,8901.0,(1000 HA)
61,EU,corn,2019,Production,66742.0,(1000 MT)
62,EU,corn,2019,Yield,7.5,(MT/HA)
63,EU,corn,2020,Area Harvested,9241.0,(1000 HA)
64,EU,corn,2020,Production,67440.0,(1000 MT)
65,EU,corn,2020,Yield,7.3,(MT/HA)
66,EU,corn,2021,Area Harvested,9227.0,(1000 HA)
67,EU,corn,2021,Production,71672.0,(1000 MT)
68,EU,corn,2021,Yield,7.77,(MT/HA)
69,EU,corn,2022,Area Harvested,8850.0,(1000 HA)
70,EU,corn,2022,Production,52379.0,(1000 MT)
71,EU,corn,2022,Yield,5.92,(MT/HA)
72,EU,corn,2023,Area Harvested,8283.0,(1000 HA)
73,EU,corn,2023,Production,61947.0,(1000 MT)
74,EU,corn,2023,Yield,7.48,(MT/HA)
75,EU,corn,2024,Area Harvested,8602.0,(1000 HA)
76,EU,corn,2024,Production,59591.0,(1000 MT)
77,EU,corn,2024,Yield,6.93,(MT/HA)
78,EU,corn,2025,Area Harvested,8190.0,(1000 HA)
79,EU,corn,2025,Production,56799.0,(1000 MT)
80,EU,corn,2025,Yield,6.94,(MT/HA)
81,EU,corn,2026,Area Harvested,7450.0,(1000 HA)
82,EU,corn,2026,Production,50600.0,(1000 MT)
83,EU,corn,2026,Yield,6.79,(MT/HA)
84,US,corn,1960,Area Harvested,28903.0,(1000 HA)
85,US,corn,1960,Production,99241.0,(1000 MT)
86,US,corn,1960,Yield,3.43,(MT/HA)
87,US,corn,1961,Area Harvested,23324.0,(1000 HA)
88,US,corn,1961,Production,91389.0,(1000 MT)
89,US,corn,1961,Yield,3.92,(MT/HA)
90,US,corn,1962,Area Harvested,22552.0,(1000 HA)
91,US,corn,1962,Production,91605.0,(1000 MT)
92,US,corn,1962,Yield,4.06,(MT/HA)
93,US,corn,1963,Area Harvested,23968.0,(1000 HA)
94,US,corn,1963,Production,102093.0,(1000 MT)
95,US,corn,1963,Yield,4.26,(MT/HA)
96,US,corn,1964,Area Harvested,22407.0,(1000 HA)
97,US,corn,1964,Production,88504.0,(1000 MT)
98,US,corn,1964,Yield,3.95,(MT/HA)
99,US,corn,1965,Area Harvested,22416.0,(1000 HA)
100,US,corn,1965,Production,104218.0,(1000 MT)
101,US,corn,1965,Yield,4.65,(MT/HA)
102,US,corn,1966,Area Harvested,23068.0,(1000 HA)
103,US,corn,1966,Production,105862.0,(1000 MT)
104,US,corn,1966,Yield,4.59,(MT/HA)
105,US,corn,1967,Area Harvested,24562.0,(1000 HA)
106,US,corn,1967,Production,123459.0,(1000 MT)
107,US,corn,1967,Yield,5.03,(MT/HA)
108,US,corn,1968,Area Harvested,22654.0,(1000 HA)
109,US,corn,1968,Production,113024.0,(1000 MT)
110,US,corn,1968,Yield,4.99,(MT/HA)
111,US,corn,1969,Area Harvested,22086.0,(1000 HA)
112,US,corn,1969,Production,119057.0,(1000 MT)
113,US,corn,1969,Yield,5.39,(MT/HA)
114,US,corn,1970,Area Harvested,23212.0,(1000 HA)
115,US,corn,1970,Production,105472.0,(1000 MT)
116,US,corn,1970,Yield,4.54,(MT/HA)
117,US,corn,1971,Area Harvested,25950.0,(1000 HA)
118,US,corn,1971,Production,143422.0,(1000 MT)
119,US,corn,1971,Yield,5.53,(MT/HA)
120,US,corn,1972,Area Harvested,23275.0,(1000 HA)
121,US,corn,1972,Production,141734.0,(1000 MT)
122,US,corn,1972,Yield,6.09,(MT/HA)
123,US,corn,1973,Area Harvested,25149.0,(1000 HA)
124,US,corn,1973,Production,144043.0,(1000 MT)
125,US,corn,1973,Yield,5.73,(MT/HA)
126,US,corn,1974,Area Harvested,26469.0,(1000 HA)
127,US,corn,1974,Production,119421.0,(1000 MT)
128,US,corn,1974,Yield,4.51,(MT/HA)
129,US,corn,1975,Area Harvested,27367.0,(1000 HA)
130,US,corn,1975,Production,148362.0,(1000 MT)
131,US,corn,1975,Yield,5.42,(MT/HA)
132,US,corn,1976,Area Harvested,28938.0,(1000 HA)
133,US,corn,1976,Production,159752.0,(1000 MT)
134,US,corn,1976,Yield,5.52,(MT/HA)
135,US,corn,1977,Area Harvested,28981.0,(1000 HA)
136,US,corn,1977,Production,165236.0,(1000 MT)
137,US,corn,1977,Yield,5.7,(MT/HA)
138,US,corn,1978,Area Harvested,29109.0,(1000 HA)
139,US,corn,1978,Production,184614.0,(1000 MT)
140,US,corn,1978,Yield,6.34,(MT/HA)
141,US,corn,1979,Area Harvested,29299.0,(1000 HA)
142,US,corn,1979,Production,201384.0,(1000 MT)
143,US,corn,1979,Yield,6.87,(MT/HA)
144,US,corn,1980,Area Harvested,29526.0,(1000 HA)
145,US,corn,1980,Production,168648.0,(1000 MT)
146,US,corn,1980,Yield,5.71,(MT/HA)
147,US,corn,1981,Area Harvested,30159.0,(1000 HA)
148,US,corn,1981,Production,206223.0,(1000 MT)
149,US,corn,1981,Yield,6.84,(MT/HA)
150,US,corn,1982,Area Harvested,29428.0,(1000 HA)
151,US,corn,1982,Production,209181.0,(1000 MT)
152,US,corn,1982,Yield,7.11,(MT/HA)
153,US,corn,1983,Area Harvested,20833.0,(1000 HA)
154,US,corn,1983,Production,106031.0,(1000 MT)
155,US,corn,1983,Yield,5.09,(MT/HA)
156,US,corn,1984,Area Harvested,29096.0,(1000 HA)
157,US,corn,1984,Production,194881.0,(1000 MT)
158,US,corn,1984,Yield,6.7,(MT/HA)
159,US,corn,1985,Area Harvested,30436.0,(1000 HA)
160,US,corn,1985,Production,225447.0,(1000 MT)
161,US,corn,1985,Yield,7.41,(MT/HA)
162,US,corn,1986,Area Harvested,27886.0,(1000 HA)
163,US,corn,1986,Production,208944.0,(1000 MT)
164,US,corn,1986,Yield,7.49,(MT/HA)
165,US,corn,1987,Area Harvested,24081.0,(1000 HA)
166,US,corn,1987,Production,181143.0,(1000 MT)
167,US,corn,1987,Yield,7.52,(MT/HA)
168,US,corn,1988,Area Harvested,23573.0,(1000 HA)
169,US,corn,1988,Production,125194.0,(1000 MT)
170,US,corn,1988,Yield,5.31,(MT/HA)
171,US,corn,1989,Area Harvested,26217.0,(1000 HA)
172,US,corn,1989,Production,191320.0,(1000 MT)
173,US,corn,1989,Yield,7.3,(MT/HA)
174,US,corn,1990,Area Harvested,27095.0,(1000 HA)
175,US,corn,1990,Production,201534.0,(1000 MT)
176,US,corn,1990,Yield,7.44,(MT/HA)
177,US,corn,1991,Area Harvested,27851.0,(1000 HA)
178,US,corn,1991,Production,189868.0,(1000 MT)
179,US,corn,1991,Yield,6.82,(MT/HA)
180,US,corn,1992,Area Harvested,29169.0,(1000 HA)
181,US,corn,1992,Production,240719.0,(1000 MT)
182,US,corn,1992,Yield,8.25,(MT/HA)
183,US,corn,1993,Area Harvested,25468.0,(1000 HA)
184,US,corn,1993,Production,160986.0,(1000 MT)
185,US,corn,1993,Yield,6.32,(MT/HA)
186,US,corn,1994,Area Harvested,29345.0,(1000 HA)
187,US,corn,1994,Production,255295.0,(1000 MT)
188,US,corn,1994,Yield,8.7,(MT/HA)
189,US,corn,1995,Area Harvested,26390.0,(1000 HA)
190,US,corn,1995,Production,187970.0,(1000 MT)
191,US,corn,1995,Yield,7.12,(MT/HA)
192,US,corn,1996,Area Harvested,29398.0,(1000 HA)
193,US,corn,1996,Production,234518.0,(1000 MT)
194,US,corn,1996,Yield,7.98,(MT/HA)
195,US,corn,1997,Area Harvested,29409.0,(1000 HA)
196,US,corn,1997,Production,233864.0,(1000 MT)
197,US,corn,1997,Yield,7.95,(MT/HA)
198,US,corn,1998,Area Harvested,29376.0,(1000 HA)
199,US,corn,1998,Production,247882.0,(1000 MT)
200,US,corn,1998,Yield,8.44,(MT/HA)
201,US,corn,1999,Area Harvested,28525.0,(1000 HA)
202,US,corn,1999,Production,239549.0,(1000 MT)
203,US,corn,1999,Yield,8.4,(MT/HA)
204,US,corn,2000,Area Harvested,29316.0,(1000 HA)
205,US,corn,2000,Production,251854.0,(1000 MT)
206,US,corn,2000,Yield,8.59,(MT/HA)
207,US,corn,2001,Area Harvested,27830.0,(1000 HA)
208,US,corn,2001,Production,241377.0,(1000 MT)
209,US,corn,2001,Yield,8.67,(MT/HA)
210,US,corn,2002,Area Harvested,28057.0,(1000 HA)
211,US,corn,2002,Production,227767.0,(1000 MT)
212,US,corn,2002,Yield,8.12,(MT/HA)
213,US,corn,2003,Area Harvested,28710.0,(1000 HA)
214,US,corn,2003,Production,256229.0,(1000 MT)
215,US,corn,2003,Yield,8.92,(MT/HA)
216,US,corn,2004,Area Harvested,29798.0,(1000 HA)
217,US,corn,2004,Production,299876.0,(1000 MT)
218,US,corn,2004,Yield,10.06,(MT/HA)
219,US,corn,2005,Area Harvested,30399.0,(1000 HA)
220,US,corn,2005,Production,282263.0,(1000 MT)
221,US,corn,2005,Yield,9.29,(MT/HA)
222,US,corn,2006,Area Harvested,28586.0,(1000 HA)
223,US,corn,2006,Production,267503.0,(1000 MT)
224,US,corn,2006,Yield,9.36,(MT/HA)
225,US,corn,2007,Area Harvested,35014.0,(1000 HA)
226,US,corn,2007,Production,331177.0,(1000 MT)
227,US,corn,2007,Yield,9.46,(MT/HA)
228,US,corn,2008,Area Harvested,31796.0,(1000 HA)
229,US,corn,2008,Production,305911.0,(1000 MT)
230,US,corn,2008,Yield,9.62,(MT/HA)
231,US,corn,2009,Area Harvested,32169.0,(1000 HA)
232,US,corn,2009,Production,331921.0,(1000 MT)
233,US,corn,2009,Yield,10.32,(MT/HA)
234,US,corn,2010,Area Harvested,32960.0,(1000 HA)
235,US,corn,2010,Production,315618.0,(1000 MT)
236,US,corn,2010,Yield,9.58,(MT/HA)
237,US,corn,2011,Area Harvested,33945.0,(1000 HA)
238,US,corn,2011,Production,312789.0,(1000 MT)
239,US,corn,2011,Yield,9.21,(MT/HA)
240,US,corn,2012,Area Harvested,35356.0,(1000 HA)
241,US,corn,2012,Production,273192.0,(1000 MT)
242,US,corn,2012,Yield,7.73,(MT/HA)
243,US,corn,2013,Area Harvested,35394.0,(1000 HA)
244,US,corn,2013,Production,351316.0,(1000 MT)
245,US,corn,2013,Yield,9.93,(MT/HA)
246,US,corn,2014,Area Harvested,33648.0,(1000 HA)
247,US,corn,2014,Production,361136.0,(1000 MT)
248,US,corn,2014,Yield,10.73,(MT/HA)
249,US,corn,2015,Area Harvested,32680.0,(1000 HA)
250,US,corn,2015,Production,345506.0,(1000 MT)
251,US,corn,2015,Yield,10.57,(MT/HA)
252,US,corn,2016,Area Harvested,35106.0,(1000 HA)
253,US,corn,2016,Production,384778.0,(1000 MT)
254,US,corn,2016,Yield,10.96,(MT/HA)
255,US,corn,2017,Area Harvested,33481.0,(1000 HA)
256,US,corn,2017,Production,371096.0,(1000 MT)
257,US,corn,2017,Yield,11.08,(MT/HA)
258,US,corn,2018,Area Harvested,32848.0,(1000 HA)
259,US,corn,2018,Production,363787.0,(1000 MT)
260,US,corn,2018,Yield,11.07,(MT/HA)
261,US,corn,2019,Area Harvested,32776.0,(1000 HA)
262,US,corn,2019,Production,344651.0,(1000 MT)
263,US,corn,2019,Yield,10.52,(MT/HA)
264,US,corn,2020,Area Harvested,33252.0,(1000 HA)
265,US,corn,2020,Production,357819.0,(1000 MT)
266,US,corn,2020,Yield,10.76,(MT/HA)
267,US,corn,2021,Area Harvested,34394.0,(1000 HA)
268,US,corn,2021,Production,381469.0,(1000 MT)
269,US,corn,2021,Yield,11.09,(MT/HA)
270,US,corn,2022,Area Harvested,31851.0,(1000 HA)
271,US,corn,2022,Production,346739.0,(1000 MT)
272,US,corn,2022,Yield,10.89,(MT/HA)
273,US,corn,2023,Area Harvested,35008.0,(1000 HA)
274,US,corn,2023,Production,389667.0,(1000 MT)
275,US,corn,2023,Yield,11.13,(MT/HA)
276,US,corn,2024,Area Harvested,33608.0,(1000 HA)
277,US,corn,2024,Production,378268.0,(1000 MT)
278,US,corn,2024,Yield,11.26,(MT/HA)
279,US,corn,2025,Area Harvested,36931.0,(1000 HA)
280,US,corn,2025,Production,432342.0,(1000 MT)
281,US,corn,2025,Yield,11.71,(MT/HA)
282,US,corn,2026,Area Harvested,35817.0,(1000 HA)
283,US,corn,2026,Production,401332.0,(1000 MT)
284,US,corn,2026,Yield,11.21,(MT/HA)
285,EU,wheat,1999,Area Harvested,24785.0,(1000 HA)
286,EU,wheat,1999,Production,122999.0,(1000 MT)
287,EU,wheat,1999,Yield,4.96,(MT/HA)
288,EU,wheat,2000,Area Harvested,26706.0,(1000 HA)
289,EU,wheat,2000,Production,132729.0,(1000 MT)
290,EU,wheat,2000,Yield,4.97,(MT/HA)
291,EU,wheat,2001,Area Harvested,26144.0,(1000 HA)
292,EU,wheat,2001,Production,124153.0,(1000 MT)
293,EU,wheat,2001,Yield,4.75,(MT/HA)
294,EU,wheat,2002,Area Harvested,26638.0,(1000 HA)
295,EU,wheat,2002,Production,133522.0,(1000 MT)
296,EU,wheat,2002,Yield,5.01,(MT/HA)
297,EU,wheat,2003,Area Harvested,24513.0,(1000 HA)
298,EU,wheat,2003,Production,111418.0,(1000 MT)
299,EU,wheat,2003,Yield,4.55,(MT/HA)
300,EU,wheat,2004,Area Harvested,26196.0,(1000 HA)
301,EU,wheat,2004,Production,147726.0,(1000 MT)
302,EU,wheat,2004,Yield,5.64,(MT/HA)
303,EU,wheat,2005,Area Harvested,25963.0,(1000 HA)
304,EU,wheat,2005,Production,132856.0,(1000 MT)
305,EU,wheat,2005,Yield,5.12,(MT/HA)
306,EU,wheat,2006,Area Harvested,24666.0,(1000 HA)
307,EU,wheat,2006,Production,125670.0,(1000 MT)
308,EU,wheat,2006,Yield,5.09,(MT/HA)
309,EU,wheat,2007,Area Harvested,24872.0,(1000 HA)
310,EU,wheat,2007,Production,120833.0,(1000 MT)
311,EU,wheat,2007,Yield,4.86,(MT/HA)
312,EU,wheat,2008,Area Harvested,26831.0,(1000 HA)
313,EU,wheat,2008,Production,151922.0,(1000 MT)
314,EU,wheat,2008,Yield,5.66,(MT/HA)
315,EU,wheat,2009,Area Harvested,25998.0,(1000 HA)
316,EU,wheat,2009,Production,139720.0,(1000 MT)
317,EU,wheat,2009,Yield,5.37,(MT/HA)
318,EU,wheat,2010,Area Harvested,26016.0,(1000 HA)
319,EU,wheat,2010,Production,136667.0,(1000 MT)
320,EU,wheat,2010,Yield,5.25,(MT/HA)
321,EU,wheat,2011,Area Harvested,25831.0,(1000 HA)
322,EU,wheat,2011,Production,138182.0,(1000 MT)
323,EU,wheat,2011,Yield,5.35,(MT/HA)
324,EU,wheat,2012,Area Harvested,25967.0,(1000 HA)
325,EU,wheat,2012,Production,133949.0,(1000 MT)
326,EU,wheat,2012,Yield,5.16,(MT/HA)
327,EU,wheat,2013,Area Harvested,25884.0,(1000 HA)
328,EU,wheat,2013,Production,144583.0,(1000 MT)
329,EU,wheat,2013,Yield,5.59,(MT/HA)
330,EU,wheat,2014,Area Harvested,26747.0,(1000 HA)
331,EU,wheat,2014,Production,156912.0,(1000 MT)
332,EU,wheat,2014,Yield,5.87,(MT/HA)
333,EU,wheat,2015,Area Harvested,26829.0,(1000 HA)
334,EU,wheat,2015,Production,160480.0,(1000 MT)
335,EU,wheat,2015,Yield,5.98,(MT/HA)
336,EU,wheat,2016,Area Harvested,25409.0,(1000 HA)
337,EU,wheat,2016,Production,130986.0,(1000 MT)
338,EU,wheat,2016,Yield,5.16,(MT/HA)
339,EU,wheat,2017,Area Harvested,24368.0,(1000 HA)
340,EU,wheat,2017,Production,136681.0,(1000 MT)
341,EU,wheat,2017,Yield,5.61,(MT/HA)
342,EU,wheat,2018,Area Harvested,23774.0,(1000 HA)
343,EU,wheat,2018,Production,123124.0,(1000 MT)
344,EU,wheat,2018,Yield,5.18,(MT/HA)
345,EU,wheat,2019,Area Harvested,24362.0,(1000 HA)
346,EU,wheat,2019,Production,138799.0,(1000 MT)
347,EU,wheat,2019,Yield,5.7,(MT/HA)
348,EU,wheat,2020,Area Harvested,22972.0,(1000 HA)
349,EU,wheat,2020,Production,126684.0,(1000 MT)
350,EU,wheat,2020,Yield,5.51,(MT/HA)
351,EU,wheat,2021,Area Harvested,24294.0,(1000 HA)
352,EU,wheat,2021,Production,138479.0,(1000 MT)
353,EU,wheat,2021,Yield,5.7,(MT/HA)
354,EU,wheat,2022,Area Harvested,24435.0,(1000 HA)
355,EU,wheat,2022,Production,134492.0,(1000 MT)
356,EU,wheat,2022,Yield,5.5,(MT/HA)
357,EU,wheat,2023,Area Harvested,24320.0,(1000 HA)
358,EU,wheat,2023,Production,135375.0,(1000 MT)
359,EU,wheat,2023,Yield,5.57,(MT/HA)
360,EU,wheat,2024,Area Harvested,22714.0,(1000 HA)
361,EU,wheat,2024,Production,121055.0,(1000 MT)
362,EU,wheat,2024,Yield,5.33,(MT/HA)
363,EU,wheat,2025,Area Harvested,23955.0,(1000 HA)
364,EU,wheat,2025,Production,145136.0,(1000 MT)
365,EU,wheat,2025,Yield,6.06,(MT/HA)
366,EU,wheat,2026,Area Harvested,23780.0,(1000 HA)
367,EU,wheat,2026,Production,133800.0,(1000 MT)
368,EU,wheat,2026,Yield,5.63,(MT/HA)
369,US,wheat,1960,Area Harvested,21012.0,(1000 HA)
370,US,wheat,1960,Production,36877.0,(1000 MT)
371,US,wheat,1960,Yield,1.76,(MT/HA)
372,US,wheat,1961,Area Harvested,20890.0,(1000 HA)
373,US,wheat,1961,Production,33557.0,(1000 MT)
374,US,wheat,1961,Yield,1.61,(MT/HA)
375,US,wheat,1962,Area Harvested,17692.0,(1000 HA)
376,US,wheat,1962,Production,29719.0,(1000 MT)
377,US,wheat,1962,Yield,1.68,(MT/HA)
378,US,wheat,1963,Area Harvested,18421.0,(1000 HA)
379,US,wheat,1963,Production,31216.0,(1000 MT)
380,US,wheat,1963,Yield,1.69,(MT/HA)
381,US,wheat,1964,Area Harvested,20162.0,(1000 HA)
382,US,wheat,1964,Production,34917.0,(1000 MT)
383,US,wheat,1964,Yield,1.73,(MT/HA)
384,US,wheat,1965,Area Harvested,20080.0,(1000 HA)
385,US,wheat,1965,Production,34917.0,(1000 MT)
386,US,wheat,1965,Yield,1.74,(MT/HA)
387,US,wheat,1966,Area Harvested,20080.0,(1000 HA)
388,US,wheat,1966,Production,35788.0,(1000 MT)
389,US,wheat,1966,Yield,1.78,(MT/HA)
390,US,wheat,1967,Area Harvested,23644.0,(1000 HA)
391,US,wheat,1967,Production,41014.0,(1000 MT)
392,US,wheat,1967,Yield,1.73,(MT/HA)
393,US,wheat,1968,Area Harvested,22186.0,(1000 HA)
394,US,wheat,1968,Production,42375.0,(1000 MT)
395,US,wheat,1968,Yield,1.91,(MT/HA)
396,US,wheat,1969,Area Harvested,19068.0,(1000 HA)
397,US,wheat,1969,Production,39272.0,(1000 MT)
398,US,wheat,1969,Yield,2.06,(MT/HA)
399,US,wheat,1970,Area Harvested,17651.0,(1000 HA)
400,US,wheat,1970,Production,36795.0,(1000 MT)
401,US,wheat,1970,Yield,2.08,(MT/HA)
402,US,wheat,1971,Area Harvested,19298.0,(1000 HA)
403,US,wheat,1971,Production,44052.0,(1000 MT)
404,US,wheat,1971,Yield,2.28,(MT/HA)
405,US,wheat,1972,Area Harvested,19143.0,(1000 HA)
406,US,wheat,1972,Production,42081.0,(1000 MT)
407,US,wheat,1972,Yield,2.2,(MT/HA)
408,US,wheat,1973,Area Harvested,21913.0,(1000 HA)
409,US,wheat,1973,Production,46560.0,(1000 MT)
410,US,wheat,1973,Yield,2.12,(MT/HA)
411,US,wheat,1974,Area Harvested,26454.0,(1000 HA)
412,US,wheat,1974,Production,48496.0,(1000 MT)
413,US,wheat,1974,Yield,1.83,(MT/HA)
414,US,wheat,1975,Area Harvested,28126.0,(1000 HA)
415,US,wheat,1975,Production,57885.0,(1000 MT)
416,US,wheat,1975,Yield,2.06,(MT/HA)
417,US,wheat,1976,Area Harvested,28692.0,(1000 HA)
418,US,wheat,1976,Production,58480.0,(1000 MT)
419,US,wheat,1976,Yield,2.04,(MT/HA)
420,US,wheat,1977,Area Harvested,26993.0,(1000 HA)
421,US,wheat,1977,Production,55670.0,(1000 MT)
422,US,wheat,1977,Yield,2.06,(MT/HA)
423,US,wheat,1978,Area Harvested,22865.0,(1000 HA)
424,US,wheat,1978,Production,48322.0,(1000 MT)
425,US,wheat,1978,Yield,2.11,(MT/HA)
426,US,wheat,1979,Area Harvested,25293.0,(1000 HA)
427,US,wheat,1979,Production,58080.0,(1000 MT)
428,US,wheat,1979,Yield,2.3,(MT/HA)
429,US,wheat,1980,Area Harvested,28773.0,(1000 HA)
430,US,wheat,1980,Production,64798.0,(1000 MT)
431,US,wheat,1980,Yield,2.25,(MT/HA)
432,US,wheat,1981,Area Harvested,32618.0,(1000 HA)
433,US,wheat,1981,Production,75805.0,(1000 MT)
434,US,wheat,1981,Yield,2.32,(MT/HA)
435,US,wheat,1982,Area Harvested,31525.0,(1000 HA)
436,US,wheat,1982,Production,75250.0,(1000 MT)
437,US,wheat,1982,Yield,2.39,(MT/HA)
438,US,wheat,1983,Area Harvested,24848.0,(1000 HA)
439,US,wheat,1983,Production,65857.0,(1000 MT)
440,US,wheat,1983,Yield,2.65,(MT/HA)
441,US,wheat,1984,Area Harvested,27085.0,(1000 HA)
442,US,wheat,1984,Production,70618.0,(1000 MT)
443,US,wheat,1984,Yield,2.61,(MT/HA)
444,US,wheat,1985,Area Harvested,26185.0,(1000 HA)
445,US,wheat,1985,Production,65974.0,(1000 MT)
446,US,wheat,1985,Yield,2.52,(MT/HA)
447,US,wheat,1986,Area Harvested,24560.0,(1000 HA)
448,US,wheat,1986,Production,56896.0,(1000 MT)
449,US,wheat,1986,Yield,2.32,(MT/HA)
450,US,wheat,1987,Area Harvested,22640.0,(1000 HA)
451,US,wheat,1987,Production,57362.0,(1000 MT)
452,US,wheat,1987,Yield,2.53,(MT/HA)
453,US,wheat,1988,Area Harvested,21525.0,(1000 HA)
454,US,wheat,1988,Production,49320.0,(1000 MT)
455,US,wheat,1988,Yield,2.29,(MT/HA)
456,US,wheat,1989,Area Harvested,25167.0,(1000 HA)
457,US,wheat,1989,Production,55428.0,(1000 MT)
458,US,wheat,1989,Yield,2.2,(MT/HA)
459,US,wheat,1990,Area Harvested,27965.0,(1000 HA)
460,US,wheat,1990,Production,74292.0,(1000 MT)
461,US,wheat,1990,Yield,2.66,(MT/HA)
462,US,wheat,1991,Area Harvested,23392.0,(1000 HA)
463,US,wheat,1991,Production,53891.0,(1000 MT)
464,US,wheat,1991,Yield,2.3,(MT/HA)
465,US,wheat,1992,Area Harvested,25399.0,(1000 HA)
466,US,wheat,1992,Production,67135.0,(1000 MT)
467,US,wheat,1992,Yield,2.64,(MT/HA)
468,US,wheat,1993,Area Harvested,25379.0,(1000 HA)
469,US,wheat,1993,Production,65220.0,(1000 MT)
470,US,wheat,1993,Yield,2.57,(MT/HA)
471,US,wheat,1994,Area Harvested,24998.0,(1000 HA)
472,US,wheat,1994,Production,63167.0,(1000 MT)
473,US,wheat,1994,Yield,2.53,(MT/HA)
474,US,wheat,1995,Area Harvested,24668.0,(1000 HA)
475,US,wheat,1995,Production,59404.0,(1000 MT)
476,US,wheat,1995,Yield,2.41,(MT/HA)
477,US,wheat,1996,Area Harvested,25422.0,(1000 HA)
478,US,wheat,1996,Production,61980.0,(1000 MT)
479,US,wheat,1996,Yield,2.44,(MT/HA)
480,US,wheat,1997,Area Harvested,25431.0,(1000 HA)
481,US,wheat,1997,Production,67534.0,(1000 MT)
482,US,wheat,1997,Yield,2.66,(MT/HA)
483,US,wheat,1998,Area Harvested,23877.0,(1000 HA)
484,US,wheat,1998,Production,69327.0,(1000 MT)
485,US,wheat,1998,Yield,2.9,(MT/HA)
486,US,wheat,1999,Area Harvested,21761.0,(1000 HA)
487,US,wheat,1999,Production,62475.0,(1000 MT)
488,US,wheat,1999,Yield,2.87,(MT/HA)
489,US,wheat,2000,Area Harvested,21474.0,(1000 HA)
490,US,wheat,2000,Production,60641.0,(1000 MT)
491,US,wheat,2000,Yield,2.82,(MT/HA)
492,US,wheat,2001,Area Harvested,19616.0,(1000 HA)
493,US,wheat,2001,Production,53001.0,(1000 MT)
494,US,wheat,2001,Yield,2.7,(MT/HA)
495,US,wheat,2002,Area Harvested,18544.0,(1000 HA)
496,US,wheat,2002,Production,43705.0,(1000 MT)
497,US,wheat,2002,Yield,2.36,(MT/HA)
498,US,wheat,2003,Area Harvested,21474.0,(1000 HA)
499,US,wheat,2003,Production,63805.0,(1000 MT)
500,US,wheat,2003,Yield,2.97,(MT/HA)
501,US,wheat,2004,Area Harvested,20222.0,(1000 HA)
502,US,wheat,2004,Production,58698.0,(1000 MT)
503,US,wheat,2004,Yield,2.9,(MT/HA)
504,US,wheat,2005,Area Harvested,20276.0,(1000 HA)
505,US,wheat,2005,Production,57243.0,(1000 MT)
506,US,wheat,2005,Yield,2.82,(MT/HA)
507,US,wheat,2006,Area Harvested,18939.0,(1000 HA)
508,US,wheat,2006,Production,49217.0,(1000 MT)
509,US,wheat,2006,Yield,2.6,(MT/HA)
510,US,wheat,2007,Area Harvested,20639.0,(1000 HA)
511,US,wheat,2007,Production,55821.0,(1000 MT)
512,US,wheat,2007,Yield,2.7,(MT/HA)
513,US,wheat,2008,Area Harvested,22677.0,(1000 HA)
514,US,wheat,2008,Production,68363.0,(1000 MT)
515,US,wheat,2008,Yield,3.01,(MT/HA)
516,US,wheat,2009,Area Harvested,20170.0,(1000 HA)
517,US,wheat,2009,Production,60117.0,(1000 MT)
518,US,wheat,2009,Yield,2.98,(MT/HA)
519,US,wheat,2010,Area Harvested,18973.0,(1000 HA)
520,US,wheat,2010,Production,58868.0,(1000 MT)
521,US,wheat,2010,Yield,3.1,(MT/HA)
522,US,wheat,2011,Area Harvested,18489.0,(1000 HA)
523,US,wheat,2011,Production,54244.0,(1000 MT)
524,US,wheat,2011,Yield,2.93,(MT/HA)
525,US,wheat,2012,Area Harvested,19732.0,(1000 HA)
526,US,wheat,2012,Production,61298.0,(1000 MT)
527,US,wheat,2012,Yield,3.11,(MT/HA)
528,US,wheat,2013,Area Harvested,18345.0,(1000 HA)
529,US,wheat,2013,Production,58105.0,(1000 MT)
530,US,wheat,2013,Yield,3.17,(MT/HA)
531,US,wheat,2014,Area Harvested,18771.0,(1000 HA)
532,US,wheat,2014,Production,55147.0,(1000 MT)
533,US,wheat,2014,Yield,2.94,(MT/HA)
534,US,wheat,2015,Area Harvested,19149.0,(1000 HA)
535,US,wheat,2015,Production,56117.0,(1000 MT)
536,US,wheat,2015,Yield,2.93,(MT/HA)
537,US,wheat,2016,Area Harvested,17745.0,(1000 HA)
538,US,wheat,2016,Production,62832.0,(1000 MT)
539,US,wheat,2016,Yield,3.54,(MT/HA)
540,US,wheat,2017,Area Harvested,15198.0,(1000 HA)
541,US,wheat,2017,Production,47380.0,(1000 MT)
542,US,wheat,2017,Yield,3.12,(MT/HA)
543,US,wheat,2018,Area Harvested,16032.0,(1000 HA)
544,US,wheat,2018,Production,51311.0,(1000 MT)
545,US,wheat,2018,Yield,3.2,(MT/HA)
546,US,wheat,2019,Area Harvested,15133.0,(1000 HA)
547,US,wheat,2019,Production,52581.0,(1000 MT)
548,US,wheat,2019,Yield,3.47,(MT/HA)
549,US,wheat,2020,Area Harvested,14815.0,(1000 HA)
550,US,wheat,2020,Production,49523.0,(1000 MT)
551,US,wheat,2020,Yield,3.34,(MT/HA)
552,US,wheat,2021,Area Harvested,15032.0,(1000 HA)
553,US,wheat,2021,Production,44804.0,(1000 MT)
554,US,wheat,2021,Yield,2.98,(MT/HA)
555,US,wheat,2022,Area Harvested,14360.0,(1000 HA)
556,US,wheat,2022,Production,44898.0,(1000 MT)
557,US,wheat,2022,Yield,3.13,(MT/HA)
558,US,wheat,2023,Area Harvested,15005.0,(1000 HA)
559,US,wheat,2023,Production,49095.0,(1000 MT)
560,US,wheat,2023,Yield,3.27,(MT/HA)
561,US,wheat,2024,Area Harvested,15634.0,(1000 HA)
562,US,wheat,2024,Production,53851.0,(1000 MT)
563,US,wheat,2024,Yield,3.44,(MT/HA)
564,US,wheat,2025,Area Harvested,15071.0,(1000 HA)
565,US,wheat,2025,Production,54010.0,(1000 MT)
566,US,wheat,2025,Yield,3.58,(MT/HA)
567,US,wheat,2026,Area Harvested,12971.0,(1000 HA)
568,US,wheat,2026,Production,41656.0,(1000 MT)
569,US,wheat,2026,Yield,3.21,(MT/HA)
570,EU,rapeoil,1999,Production,4482.0,(1000 MT)
571,EU,rapeoil,2000,Production,4256.0,(1000 MT)
572,EU,rapeoil,2001,Production,4305.0,(1000 MT)
573,EU,rapeoil,2002,Production,4363.0,(1000 MT)
574,EU,rapeoil,2003,Production,4349.0,(1000 MT)
575,EU,rapeoil,2004,Production,5375.0,(1000 MT)
576,EU,rapeoil,2005,Production,6096.0,(1000 MT)
577,EU,rapeoil,2006,Production,6520.0,(1000 MT)
578,EU,rapeoil,2007,Production,7575.0,(1000 MT)
579,EU,rapeoil,2008,Production,8527.0,(1000 MT)
580,EU,rapeoil,2009,Production,9426.0,(1000 MT)
581,EU,rapeoil,2010,Production,8883.0,(1000 MT)
582,EU,rapeoil,2011,Production,9050.0,(1000 MT)
583,EU,rapeoil,2012,Production,9510.0,(1000 MT)
584,EU,rapeoil,2013,Production,10011.0,(1000 MT)
585,EU,rapeoil,2014,Production,10596.0,(1000 MT)
586,EU,rapeoil,2015,Production,10157.0,(1000 MT)
587,EU,rapeoil,2016,Production,9355.0,(1000 MT)
588,EU,rapeoil,2017,Production,9252.0,(1000 MT)
589,EU,rapeoil,2018,Production,8998.0,(1000 MT)
590,EU,rapeoil,2019,Production,8862.0,(1000 MT)
591,EU,rapeoil,2020,Production,9366.0,(1000 MT)
592,EU,rapeoil,2021,Production,9156.0,(1000 MT)
593,EU,rapeoil,2022,Production,10164.0,(1000 MT)
594,EU,rapeoil,2023,Production,10248.0,(1000 MT)
595,EU,rapeoil,2024,Production,9954.0,(1000 MT)
596,EU,rapeoil,2025,Production,10836.0,(1000 MT)
597,EU,rapeoil,2026,Production,10668.0,(1000 MT)
598,US,rapeoil,1964,Production,1.0,(1000 MT)
599,US,rapeoil,1965,Production,0.0,(1000 MT)
600,US,rapeoil,1966,Production,0.0,(1000 MT)
601,US,rapeoil,1967,Production,1.0,(1000 MT)
602,US,rapeoil,1968,Production,1.0,(1000 MT)
603,US,rapeoil,1969,Production,0.0,(1000 MT)
604,US,rapeoil,1970,Production,0.0,(1000 MT)
605,US,rapeoil,1971,Production,1.0,(1000 MT)
606,US,rapeoil,1972,Production,0.0,(1000 MT)
607,US,rapeoil,1973,Production,0.0,(1000 MT)
608,US,rapeoil,1974,Production,2.0,(1000 MT)
609,US,rapeoil,1975,Production,1.0,(1000 MT)
610,US,rapeoil,1976,Production,0.0,(1000 MT)
611,US,rapeoil,1977,Production,0.0,(1000 MT)
612,US,rapeoil,1978,Production,1.0,(1000 MT)
613,US,rapeoil,1979,Production,0.0,(1000 MT)
614,US,rapeoil,1980,Production,0.0,(1000 MT)
615,US,rapeoil,1981,Production,0.0,(1000 MT)
616,US,rapeoil,1982,Production,0.0,(1000 MT)
617,US,rapeoil,1983,Production,0.0,(1000 MT)
618,US,rapeoil,1984,Production,0.0,(1000 MT)
619,US,rapeoil,1985,Production,0.0,(1000 MT)
620,US,rapeoil,1986,Production,0.0,(1000 MT)
621,US,rapeoil,1987,Production,11.0,(1000 MT)
622,US,rapeoil,1988,Production,29.0,(1000 MT)
623,US,rapeoil,1989,Production,49.0,(1000 MT)
624,US,rapeoil,1990,Production,33.0,(1000 MT)
625,US,rapeoil,1991,Production,19.0,(1000 MT)
626,US,rapeoil,1992,Production,59.0,(1000 MT)
627,US,rapeoil,1993,Production,161.0,(1000 MT)
628,US,rapeoil,1994,Production,169.0,(1000 MT)
629,US,rapeoil,1995,Production,164.0,(1000 MT)
630,US,rapeoil,1996,Production,187.0,(1000 MT)
631,US,rapeoil,1997,Production,258.0,(1000 MT)
632,US,rapeoil,1998,Production,290.0,(1000 MT)
633,US,rapeoil,1999,Production,319.0,(1000 MT)
634,US,rapeoil,2000,Production,345.0,(1000 MT)
635,US,rapeoil,2001,Production,287.0,(1000 MT)
636,US,rapeoil,2002,Production,243.0,(1000 MT)
637,US,rapeoil,2003,Production,291.0,(1000 MT)
638,US,rapeoil,2004,Production,378.0,(1000 MT)
639,US,rapeoil,2005,Production,421.0,(1000 MT)
640,US,rapeoil,2006,Production,423.0,(1000 MT)
641,US,rapeoil,2007,Production,460.0,(1000 MT)
642,US,rapeoil,2008,Production,501.0,(1000 MT)
643,US,rapeoil,2009,Production,487.0,(1000 MT)
644,US,rapeoil,2010,Production,516.0,(1000 MT)
645,US,rapeoil,2011,Production,499.0,(1000 MT)
646,US,rapeoil,2012,Production,578.0,(1000 MT)
647,US,rapeoil,2013,Production,708.0,(1000 MT)
648,US,rapeoil,2014,Production,704.0,(1000 MT)
649,US,rapeoil,2015,Production,721.0,(1000 MT)
650,US,rapeoil,2016,Production,798.0,(1000 MT)
651,US,rapeoil,2017,Production,753.0,(1000 MT)
652,US,rapeoil,2018,Production,697.0,(1000 MT)
653,US,rapeoil,2019,Production,825.0,(1000 MT)
654,US,rapeoil,2020,Production,814.0,(1000 MT)
655,US,rapeoil,2021,Production,673.0,(1000 MT)
656,US,rapeoil,2022,Production,814.0,(1000 MT)
657,US,rapeoil,2023,Production,872.0,(1000 MT)
658,US,rapeoil,2024,Production,827.0,(1000 MT)
659,US,rapeoil,2025,Production,904.0,(1000 MT)
660,US,rapeoil,2026,Production,996.0,(1000 MT)
661,EU,soyoil,1999,Production,2567.0,(1000 MT)
662,EU,soyoil,2000,Production,3033.0,(1000 MT)
663,EU,soyoil,2001,Production,3245.0,(1000 MT)
664,EU,soyoil,2002,Production,2990.0,(1000 MT)
665,EU,soyoil,2003,Production,2557.0,(1000 MT)
666,EU,soyoil,2004,Production,2599.0,(1000 MT)
667,EU,soyoil,2005,Production,2512.0,(1000 MT)
668,EU,soyoil,2006,Production,2694.0,(1000 MT)
669,EU,soyoil,2007,Production,2720.0,(1000 MT)
670,EU,soyoil,2008,Production,2350.0,(1000 MT)
671,EU,soyoil,2009,Production,2290.0,(1000 MT)
672,EU,soyoil,2010,Production,2343.0,(1000 MT)
673,EU,soyoil,2011,Production,2204.0,(1000 MT)
674,EU,soyoil,2012,Production,2413.0,(1000 MT)
675,EU,soyoil,2013,Production,2489.0,(1000 MT)
676,EU,soyoil,2014,Production,2746.0,(1000 MT)
677,EU,soyoil,2015,Production,2841.0,(1000 MT)
678,EU,soyoil,2016,Production,2660.0,(1000 MT)
679,EU,soyoil,2017,Production,2755.0,(1000 MT)
680,EU,soyoil,2018,Production,2850.0,(1000 MT)
681,EU,soyoil,2019,Production,2964.0,(1000 MT)
682,EU,soyoil,2020,Production,3002.0,(1000 MT)
683,EU,soyoil,2021,Production,2926.0,(1000 MT)
684,EU,soyoil,2022,Production,2717.0,(1000 MT)
685,EU,soyoil,2023,Production,2755.0,(1000 MT)
686,EU,soyoil,2024,Production,2926.0,(1000 MT)
687,EU,soyoil,2025,Production,2850.0,(1000 MT)
688,EU,soyoil,2026,Production,2820.0,(1000 MT)
689,US,soyoil,1964,Production,2334.0,(1000 MT)
690,US,soyoil,1965,Production,2631.0,(1000 MT)
691,US,soyoil,1966,Production,2756.0,(1000 MT)
692,US,soyoil,1967,Production,2736.0,(1000 MT)
693,US,soyoil,1968,Production,2962.0,(1000 MT)
694,US,soyoil,1969,Production,3585.0,(1000 MT)
695,US,soyoil,1970,Production,3749.0,(1000 MT)
696,US,soyoil,1971,Production,3580.0,(1000 MT)
697,US,soyoil,1972,Production,3402.0,(1000 MT)
698,US,soyoil,1973,Production,4080.0,(1000 MT)
699,US,soyoil,1974,Production,3345.0,(1000 MT)
700,US,soyoil,1975,Production,4368.0,(1000 MT)
701,US,soyoil,1976,Production,3891.0,(1000 MT)
702,US,soyoil,1977,Production,4666.0,(1000 MT)
703,US,soyoil,1978,Production,5136.0,(1000 MT)
704,US,soyoil,1979,Production,5491.0,(1000 MT)
705,US,soyoil,1980,Production,5112.0,(1000 MT)
706,US,soyoil,1981,Production,4980.0,(1000 MT)
707,US,soyoil,1982,Production,5462.0,(1000 MT)
708,US,soyoil,1983,Production,4931.0,(1000 MT)
709,US,soyoil,1984,Production,5202.0,(1000 MT)
710,US,soyoil,1985,Production,5269.0,(1000 MT)
711,US,soyoil,1986,Production,5798.0,(1000 MT)
712,US,soyoil,1987,Production,5885.0,(1000 MT)
713,US,soyoil,1988,Production,5324.0,(1000 MT)
714,US,soyoil,1989,Production,5898.0,(1000 MT)
715,US,soyoil,1990,Production,6082.0,(1000 MT)
716,US,soyoil,1991,Production,6507.0,(1000 MT)
717,US,soyoil,1992,Production,6250.0,(1000 MT)
718,US,soyoil,1993,Production,6328.0,(1000 MT)
719,US,soyoil,1994,Production,7082.0,(1000 MT)
720,US,soyoil,1995,Production,6913.0,(1000 MT)
721,US,soyoil,1996,Production,7145.0,(1000 MT)
722,US,soyoil,1997,Production,8229.0,(1000 MT)
723,US,soyoil,1998,Production,8202.0,(1000 MT)
724,US,soyoil,1999,Production,8085.0,(1000 MT)
725,US,soyoil,2000,Production,8355.0,(1000 MT)
726,US,soyoil,2001,Production,8572.0,(1000 MT)
727,US,soyoil,2002,Production,8360.0,(1000 MT)
728,US,soyoil,2003,Production,7748.0,(1000 MT)
729,US,soyoil,2004,Production,8782.0,(1000 MT)
730,US,soyoil,2005,Production,9248.0,(1000 MT)
731,US,soyoil,2006,Production,9294.0,(1000 MT)
732,US,soyoil,2007,Production,9335.0,(1000 MT)
733,US,soyoil,2008,Production,8503.0,(1000 MT)
734,US,soyoil,2009,Production,8897.0,(1000 MT)
735,US,soyoil,2010,Production,8568.0,(1000 MT)
736,US,soyoil,2011,Production,8954.0,(1000 MT)
737,US,soyoil,2012,Production,8990.0,(1000 MT)
738,US,soyoil,2013,Production,9131.0,(1000 MT)
739,US,soyoil,2014,Production,9706.0,(1000 MT)
740,US,soyoil,2015,Production,9956.0,(1000 MT)
741,US,soyoil,2016,Production,10035.0,(1000 MT)
742,US,soyoil,2017,Production,10783.0,(1000 MT)
743,US,soyoil,2018,Production,10976.0,(1000 MT)
744,US,soyoil,2019,Production,11299.0,(1000 MT)
745,US,soyoil,2020,Production,11350.0,(1000 MT)
746,US,soyoil,2021,Production,11864.0,(1000 MT)
747,US,soyoil,2022,Production,11897.0,(1000 MT)
748,US,soyoil,2023,Production,12289.0,(1000 MT)
749,US,soyoil,2024,Production,13253.0,(1000 MT)
750,US,soyoil,2025,Production,14048.0,(1000 MT)
751,US,soyoil,2026,Production,14944.0,(1000 MT)
752,EU,rapeseed,1999,Area Harvested,4995.0,(1000 HA)
753,EU,rapeseed,1999,Production,14394.0,(1000 MT)
754,EU,rapeseed,1999,Yield,2.88,(MT/HA)
755,EU,rapeseed,2000,Area Harvested,4137.0,(1000 HA)
756,EU,rapeseed,2000,Production,11393.0,(1000 MT)
757,EU,rapeseed,2000,Yield,2.75,(MT/HA)
758,EU,rapeseed,2001,Area Harvested,4169.0,(1000 HA)
759,EU,rapeseed,2001,Production,11607.0,(1000 MT)
760,EU,rapeseed,2001,Yield,2.78,(MT/HA)
761,EU,rapeseed,2002,Area Harvested,4283.0,(1000 HA)
762,EU,rapeseed,2002,Production,11778.0,(1000 MT)
763,EU,rapeseed,2002,Yield,2.75,(MT/HA)
764,EU,rapeseed,2003,Area Harvested,4214.0,(1000 HA)
765,EU,rapeseed,2003,Production,11214.0,(1000 MT)
766,EU,rapeseed,2003,Yield,2.66,(MT/HA)
767,EU,rapeseed,2004,Area Harvested,4586.0,(1000 HA)
768,EU,rapeseed,2004,Production,15458.0,(1000 MT)
769,EU,rapeseed,2004,Yield,3.37,(MT/HA)
770,EU,rapeseed,2005,Area Harvested,4866.0,(1000 HA)
771,EU,rapeseed,2005,Production,15564.0,(1000 MT)
772,EU,rapeseed,2005,Yield,3.2,(MT/HA)
773,EU,rapeseed,2006,Area Harvested,5416.0,(1000 HA)
774,EU,rapeseed,2006,Production,16112.0,(1000 MT)
775,EU,rapeseed,2006,Yield,2.97,(MT/HA)
776,EU,rapeseed,2007,Area Harvested,6567.0,(1000 HA)
777,EU,rapeseed,2007,Production,18397.0,(1000 MT)
778,EU,rapeseed,2007,Yield,2.8,(MT/HA)
779,EU,rapeseed,2008,Area Harvested,6204.0,(1000 HA)
780,EU,rapeseed,2008,Production,19062.0,(1000 MT)
781,EU,rapeseed,2008,Yield,3.07,(MT/HA)
782,EU,rapeseed,2009,Area Harvested,6545.0,(1000 HA)
783,EU,rapeseed,2009,Production,21633.0,(1000 MT)
784,EU,rapeseed,2009,Yield,3.31,(MT/HA)
785,EU,rapeseed,2010,Area Harvested,7001.0,(1000 HA)
786,EU,rapeseed,2010,Production,20782.0,(1000 MT)
787,EU,rapeseed,2010,Yield,2.97,(MT/HA)
788,EU,rapeseed,2011,Area Harvested,6749.0,(1000 HA)
789,EU,rapeseed,2011,Production,19240.0,(1000 MT)
790,EU,rapeseed,2011,Yield,2.85,(MT/HA)
791,EU,rapeseed,2012,Area Harvested,6327.0,(1000 HA)
792,EU,rapeseed,2012,Production,19560.0,(1000 MT)
793,EU,rapeseed,2012,Yield,3.09,(MT/HA)
794,EU,rapeseed,2013,Area Harvested,6768.0,(1000 HA)
795,EU,rapeseed,2013,Production,21306.0,(1000 MT)
796,EU,rapeseed,2013,Yield,3.15,(MT/HA)
797,EU,rapeseed,2014,Area Harvested,6747.0,(1000 HA)
798,EU,rapeseed,2014,Production,24587.0,(1000 MT)
799,EU,rapeseed,2014,Yield,3.64,(MT/HA)
800,EU,rapeseed,2015,Area Harvested,6507.0,(1000 HA)
801,EU,rapeseed,2015,Production,21997.0,(1000 MT)
802,EU,rapeseed,2015,Yield,3.38,(MT/HA)
803,EU,rapeseed,2016,Area Harvested,5974.0,(1000 HA)
804,EU,rapeseed,2016,Production,18763.0,(1000 MT)
805,EU,rapeseed,2016,Yield,3.14,(MT/HA)
806,EU,rapeseed,2017,Area Harvested,6236.0,(1000 HA)
807,EU,rapeseed,2017,Production,20017.0,(1000 MT)
808,EU,rapeseed,2017,Yield,3.21,(MT/HA)
809,EU,rapeseed,2018,Area Harvested,6452.0,(1000 HA)
810,EU,rapeseed,2018,Production,18048.0,(1000 MT)
811,EU,rapeseed,2018,Yield,2.8,(MT/HA)
812,EU,rapeseed,2019,Area Harvested,5082.0,(1000 HA)
813,EU,rapeseed,2019,Production,15304.0,(1000 MT)
814,EU,rapeseed,2019,Yield,3.01,(MT/HA)
815,EU,rapeseed,2020,Area Harvested,5324.0,(1000 HA)
816,EU,rapeseed,2020,Production,16752.0,(1000 MT)
817,EU,rapeseed,2020,Yield,3.15,(MT/HA)
818,EU,rapeseed,2021,Area Harvested,5362.0,(1000 HA)
819,EU,rapeseed,2021,Production,17353.0,(1000 MT)
820,EU,rapeseed,2021,Yield,3.24,(MT/HA)
821,EU,rapeseed,2022,Area Harvested,5924.0,(1000 HA)
822,EU,rapeseed,2022,Production,19613.0,(1000 MT)
823,EU,rapeseed,2022,Yield,3.31,(MT/HA)
824,EU,rapeseed,2023,Area Harvested,6261.0,(1000 HA)
825,EU,rapeseed,2023,Production,20431.0,(1000 MT)
826,EU,rapeseed,2023,Yield,3.26,(MT/HA)
827,EU,rapeseed,2024,Area Harvested,5727.0,(1000 HA)
828,EU,rapeseed,2024,Production,17073.0,(1000 MT)
829,EU,rapeseed,2024,Yield,2.98,(MT/HA)
830,EU,rapeseed,2025,Area Harvested,6139.0,(1000 HA)
831,EU,rapeseed,2025,Production,20657.0,(1000 MT)
832,EU,rapeseed,2025,Yield,3.36,(MT/HA)
833,EU,rapeseed,2026,Area Harvested,6335.0,(1000 HA)
834,EU,rapeseed,2026,Production,20150.0,(1000 MT)
835,EU,rapeseed,2026,Yield,3.18,(MT/HA)
836,US,rapeseed,1964,Area Harvested,0.0,(1000 HA)
837,US,rapeseed,1964,Production,0.0,(1000 MT)
838,US,rapeseed,1964,Yield,0.0,(MT/HA)
839,US,rapeseed,1967,Area Harvested,0.0,(1000 HA)
840,US,rapeseed,1967,Production,0.0,(1000 MT)
841,US,rapeseed,1967,Yield,0.0,(MT/HA)
842,US,rapeseed,1968,Area Harvested,0.0,(1000 HA)
843,US,rapeseed,1968,Production,0.0,(1000 MT)
844,US,rapeseed,1968,Yield,0.0,(MT/HA)
845,US,rapeseed,1971,Area Harvested,0.0,(1000 HA)
846,US,rapeseed,1971,Production,0.0,(1000 MT)
847,US,rapeseed,1971,Yield,0.0,(MT/HA)
848,US,rapeseed,1974,Area Harvested,0.0,(1000 HA)
849,US,rapeseed,1974,Production,0.0,(1000 MT)
850,US,rapeseed,1974,Yield,0.0,(MT/HA)
851,US,rapeseed,1975,Area Harvested,0.0,(1000 HA)
852,US,rapeseed,1975,Production,0.0,(1000 MT)
853,US,rapeseed,1975,Yield,0.0,(MT/HA)
854,US,rapeseed,1978,Area Harvested,0.0,(1000 HA)
855,US,rapeseed,1978,Production,0.0,(1000 MT)
856,US,rapeseed,1978,Yield,0.0,(MT/HA)
857,US,rapeseed,1987,Area Harvested,17.0,(1000 HA)
858,US,rapeseed,1987,Production,22.0,(1000 MT)
859,US,rapeseed,1987,Yield,1.29,(MT/HA)
860,US,rapeseed,1988,Area Harvested,18.0,(1000 HA)
861,US,rapeseed,1988,Production,25.0,(1000 MT)
862,US,rapeseed,1988,Yield,1.39,(MT/HA)
863,US,rapeseed,1989,Area Harvested,33.0,(1000 HA)
864,US,rapeseed,1989,Production,52.0,(1000 MT)
865,US,rapeseed,1989,Yield,1.58,(MT/HA)
866,US,rapeseed,1990,Area Harvested,31.0,(1000 HA)
867,US,rapeseed,1990,Production,54.0,(1000 MT)
868,US,rapeseed,1990,Yield,1.74,(MT/HA)
869,US,rapeseed,1991,Area Harvested,66.0,(1000 HA)
870,US,rapeseed,1991,Production,94.0,(1000 MT)
871,US,rapeseed,1991,Yield,1.42,(MT/HA)
872,US,rapeseed,1992,Area Harvested,49.0,(1000 HA)
873,US,rapeseed,1992,Production,72.0,(1000 MT)
874,US,rapeseed,1992,Yield,1.47,(MT/HA)
875,US,rapeseed,1993,Area Harvested,76.0,(1000 HA)
876,US,rapeseed,1993,Production,118.0,(1000 MT)
877,US,rapeseed,1993,Yield,1.55,(MT/HA)
878,US,rapeseed,1994,Area Harvested,138.0,(1000 HA)
879,US,rapeseed,1994,Production,209.0,(1000 MT)
880,US,rapeseed,1994,Yield,1.51,(MT/HA)
881,US,rapeseed,1995,Area Harvested,175.0,(1000 HA)
882,US,rapeseed,1995,Production,250.0,(1000 MT)
883,US,rapeseed,1995,Yield,1.43,(MT/HA)
884,US,rapeseed,1996,Area Harvested,141.0,(1000 HA)
885,US,rapeseed,1996,Production,219.0,(1000 MT)
886,US,rapeseed,1996,Yield,1.55,(MT/HA)
887,US,rapeseed,1997,Area Harvested,256.0,(1000 HA)
888,US,rapeseed,1997,Production,355.0,(1000 MT)
889,US,rapeseed,1997,Yield,1.39,(MT/HA)
890,US,rapeseed,1998,Area Harvested,437.0,(1000 HA)
891,US,rapeseed,1998,Production,709.0,(1000 MT)
892,US,rapeseed,1998,Yield,1.62,(MT/HA)
893,US,rapeseed,1999,Area Harvested,424.0,(1000 HA)
894,US,rapeseed,1999,Production,621.0,(1000 MT)
895,US,rapeseed,1999,Yield,1.46,(MT/HA)
896,US,rapeseed,2000,Area Harvested,608.0,(1000 HA)
897,US,rapeseed,2000,Production,909.0,(1000 MT)
898,US,rapeseed,2000,Yield,1.5,(MT/HA)
899,US,rapeseed,2001,Area Harvested,590.0,(1000 HA)
900,US,rapeseed,2001,Production,908.0,(1000 MT)
901,US,rapeseed,2001,Yield,1.54,(MT/HA)
902,US,rapeseed,2002,Area Harvested,520.0,(1000 HA)
903,US,rapeseed,2002,Production,697.0,(1000 MT)
904,US,rapeseed,2002,Yield,1.34,(MT/HA)
905,US,rapeseed,2003,Area Harvested,433.0,(1000 HA)
906,US,rapeseed,2003,Production,687.0,(1000 MT)
907,US,rapeseed,2003,Yield,1.59,(MT/HA)
908,US,rapeseed,2004,Area Harvested,338.0,(1000 HA)
909,US,rapeseed,2004,Production,613.0,(1000 MT)
910,US,rapeseed,2004,Yield,1.81,(MT/HA)
911,US,rapeseed,2005,Area Harvested,452.0,(1000 HA)
912,US,rapeseed,2005,Production,719.0,(1000 MT)
913,US,rapeseed,2005,Yield,1.59,(MT/HA)
914,US,rapeseed,2006,Area Harvested,414.0,(1000 HA)
915,US,rapeseed,2006,Production,633.0,(1000 MT)
916,US,rapeseed,2006,Yield,1.53,(MT/HA)
917,US,rapeseed,2007,Area Harvested,468.0,(1000 HA)
918,US,rapeseed,2007,Production,650.0,(1000 MT)
919,US,rapeseed,2007,Yield,1.39,(MT/HA)
920,US,rapeseed,2008,Area Harvested,400.0,(1000 HA)
921,US,rapeseed,2008,Production,656.0,(1000 MT)
922,US,rapeseed,2008,Yield,1.64,(MT/HA)
923,US,rapeseed,2009,Area Harvested,327.0,(1000 HA)
924,US,rapeseed,2009,Production,665.0,(1000 MT)
925,US,rapeseed,2009,Yield,2.03,(MT/HA)
926,US,rapeseed,2010,Area Harvested,580.0,(1000 HA)
927,US,rapeseed,2010,Production,1112.0,(1000 MT)
928,US,rapeseed,2010,Yield,1.92,(MT/HA)
929,US,rapeseed,2011,Area Harvested,419.0,(1000 HA)
930,US,rapeseed,2011,Production,694.0,(1000 MT)
931,US,rapeseed,2011,Yield,1.66,(MT/HA)
932,US,rapeseed,2012,Area Harvested,696.0,(1000 HA)
933,US,rapeseed,2012,Production,1087.0,(1000 MT)
934,US,rapeseed,2012,Yield,1.56,(MT/HA)
935,US,rapeseed,2013,Area Harvested,512.0,(1000 HA)
936,US,rapeseed,2013,Production,1000.0,(1000 MT)
937,US,rapeseed,2013,Yield,1.95,(MT/HA)
938,US,rapeseed,2014,Area Harvested,631.0,(1000 HA)
939,US,rapeseed,2014,Production,1138.0,(1000 MT)
940,US,rapeseed,2014,Yield,1.8,(MT/HA)
941,US,rapeseed,2015,Area Harvested,694.0,(1000 HA)
942,US,rapeseed,2015,Production,1305.0,(1000 MT)
943,US,rapeseed,2015,Yield,1.88,(MT/HA)
944,US,rapeseed,2016,Area Harvested,687.0,(1000 HA)
945,US,rapeseed,2016,Production,1405.0,(1000 MT)
946,US,rapeseed,2016,Yield,2.05,(MT/HA)
947,US,rapeseed,2017,Area Harvested,814.0,(1000 HA)
948,US,rapeseed,2017,Production,1394.0,(1000 MT)
949,US,rapeseed,2017,Yield,1.71,(MT/HA)
950,US,rapeseed,2018,Area Harvested,787.0,(1000 HA)
951,US,rapeseed,2018,Production,1642.0,(1000 MT)
952,US,rapeseed,2018,Yield,2.09,(MT/HA)
953,US,rapeseed,2019,Area Harvested,776.0,(1000 HA)
954,US,rapeseed,2019,Production,1551.0,(1000 MT)
955,US,rapeseed,2019,Yield,2.0,(MT/HA)
956,US,rapeseed,2020,Area Harvested,733.0,(1000 HA)
957,US,rapeseed,2020,Production,1596.0,(1000 MT)
958,US,rapeseed,2020,Yield,2.18,(MT/HA)
959,US,rapeseed,2021,Area Harvested,849.0,(1000 HA)
960,US,rapeseed,2021,Production,1242.0,(1000 MT)
961,US,rapeseed,2021,Yield,1.46,(MT/HA)
962,US,rapeseed,2022,Area Harvested,880.0,(1000 HA)
963,US,rapeseed,2022,Production,1739.0,(1000 MT)
964,US,rapeseed,2022,Yield,1.98,(MT/HA)
965,US,rapeseed,2023,Area Harvested,943.0,(1000 HA)
966,US,rapeseed,2023,Production,1895.0,(1000 MT)
967,US,rapeseed,2023,Yield,2.01,(MT/HA)
968,US,rapeseed,2024,Area Harvested,1105.0,(1000 HA)
969,US,rapeseed,2024,Production,2220.0,(1000 MT)
970,US,rapeseed,2024,Yield,2.01,(MT/HA)
971,US,rapeseed,2025,Area Harvested,940.0,(1000 HA)
972,US,rapeseed,2025,Production,2126.0,(1000 MT)
973,US,rapeseed,2025,Yield,2.26,(MT/HA)
974,US,rapeseed,2026,Area Harvested,1188.0,(1000 HA)
975,US,rapeseed,2026,Production,2484.0,(1000 MT)
976,US,rapeseed,2026,Yield,2.09,(MT/HA)
977,EU,soybeans,1999,Area Harvested,529.0,(1000 HA)
978,EU,soybeans,1999,Production,1522.0,(1000 MT)
979,EU,soybeans,1999,Yield,2.88,(MT/HA)
980,EU,soybeans,2000,Area Harvested,513.0,(1000 HA)
981,EU,soybeans,2000,Production,1323.0,(1000 MT)
982,EU,soybeans,2000,Yield,2.58,(MT/HA)
983,EU,soybeans,2001,Area Harvested,479.0,(1000 HA)
984,EU,soybeans,2001,Production,1467.0,(1000 MT)
985,EU,soybeans,2001,Yield,3.06,(MT/HA)
986,EU,soybeans,2002,Area Harvested,391.0,(1000 HA)
987,EU,soybeans,2002,Production,1122.0,(1000 MT)
988,EU,soybeans,2002,Yield,2.87,(MT/HA)
989,EU,soybeans,2003,Area Harvested,459.0,(1000 HA)
990,EU,soybeans,2003,Production,908.0,(1000 MT)
991,EU,soybeans,2003,Yield,1.98,(MT/HA)
992,EU,soybeans,2004,Area Harvested,431.0,(1000 HA)
993,EU,soybeans,2004,Production,1166.0,(1000 MT)
994,EU,soybeans,2004,Yield,2.71,(MT/HA)
995,EU,soybeans,2005,Area Harvested,451.0,(1000 HA)
996,EU,soybeans,2005,Production,1294.0,(1000 MT)
997,EU,soybeans,2005,Yield,2.87,(MT/HA)
998,EU,soybeans,2006,Area Harvested,557.0,(1000 HA)
999,EU,soybeans,2006,Production,1402.0,(1000 MT)
1000,EU,soybeans,2006,Yield,2.52,(MT/HA)
1001,EU,soybeans,2007,Area Harvested,389.0,(1000 HA)
1002,EU,soybeans,2007,Production,814.0,(1000 MT)
1003,EU,soybeans,2007,Yield,2.09,(MT/HA)
1004,EU,soybeans,2008,Area Harvested,273.0,(1000 HA)
1005,EU,soybeans,2008,Production,747.0,(1000 MT)
1006,EU,soybeans,2008,Yield,2.74,(MT/HA)
1007,EU,soybeans,2009,Area Harvested,352.0,(1000 HA)
1008,EU,soybeans,2009,Production,951.0,(1000 MT)
1009,EU,soybeans,2009,Yield,2.7,(MT/HA)
1010,EU,soybeans,2010,Area Harvested,426.0,(1000 HA)
1011,EU,soybeans,2010,Production,1198.0,(1000 MT)
1012,EU,soybeans,2010,Yield,2.81,(MT/HA)
1013,EU,soybeans,2011,Area Harvested,446.0,(1000 HA)
1014,EU,soybeans,2011,Production,1221.0,(1000 MT)
1015,EU,soybeans,2011,Yield,2.74,(MT/HA)
1016,EU,soybeans,2012,Area Harvested,425.0,(1000 HA)
1017,EU,soybeans,2012,Production,950.0,(1000 MT)
1018,EU,soybeans,2012,Yield,2.24,(MT/HA)
1019,EU,soybeans,2013,Area Harvested,474.0,(1000 HA)
1020,EU,soybeans,2013,Production,1215.0,(1000 MT)
1021,EU,soybeans,2013,Yield,2.56,(MT/HA)
1022,EU,soybeans,2014,Area Harvested,575.0,(1000 HA)
1023,EU,soybeans,2014,Production,1839.0,(1000 MT)
1024,EU,soybeans,2014,Yield,3.2,(MT/HA)
1025,EU,soybeans,2015,Area Harvested,874.0,(1000 HA)
1026,EU,soybeans,2015,Production,2332.0,(1000 MT)
1027,EU,soybeans,2015,Yield,2.67,(MT/HA)
1028,EU,soybeans,2016,Area Harvested,825.0,(1000 HA)
1029,EU,soybeans,2016,Production,2465.0,(1000 MT)
1030,EU,soybeans,2016,Yield,2.99,(MT/HA)
1031,EU,soybeans,2017,Area Harvested,951.0,(1000 HA)
1032,EU,soybeans,2017,Production,2619.0,(1000 MT)
1033,EU,soybeans,2017,Yield,2.75,(MT/HA)
1034,EU,soybeans,2018,Area Harvested,944.0,(1000 HA)
1035,EU,soybeans,2018,Production,2737.0,(1000 MT)
1036,EU,soybeans,2018,Yield,2.9,(MT/HA)
1037,EU,soybeans,2019,Area Harvested,937.0,(1000 HA)
1038,EU,soybeans,2019,Production,2711.0,(1000 MT)
1039,EU,soybeans,2019,Yield,2.89,(MT/HA)
1040,EU,soybeans,2020,Area Harvested,997.0,(1000 HA)
1041,EU,soybeans,2020,Production,2600.0,(1000 MT)
1042,EU,soybeans,2020,Yield,2.61,(MT/HA)
1043,EU,soybeans,2021,Area Harvested,1005.0,(1000 HA)
1044,EU,soybeans,2021,Production,2833.0,(1000 MT)
1045,EU,soybeans,2021,Yield,2.82,(MT/HA)
1046,EU,soybeans,2022,Area Harvested,1116.0,(1000 HA)
1047,EU,soybeans,2022,Production,2610.0,(1000 MT)
1048,EU,soybeans,2022,Yield,2.34,(MT/HA)
1049,EU,soybeans,2023,Area Harvested,1017.0,(1000 HA)
1050,EU,soybeans,2023,Production,2811.0,(1000 MT)
1051,EU,soybeans,2023,Yield,2.76,(MT/HA)
1052,EU,soybeans,2024,Area Harvested,1118.0,(1000 HA)
1053,EU,soybeans,2024,Production,2911.0,(1000 MT)
1054,EU,soybeans,2024,Yield,2.6,(MT/HA)
1055,EU,soybeans,2025,Area Harvested,1061.0,(1000 HA)
1056,EU,soybeans,2025,Production,2851.0,(1000 MT)
1057,EU,soybeans,2025,Yield,2.69,(MT/HA)
1058,EU,soybeans,2026,Area Harvested,1100.0,(1000 HA)
1059,EU,soybeans,2026,Production,2800.0,(1000 MT)
1060,EU,soybeans,2026,Yield,2.55,(MT/HA)
1061,US,soybeans,1964,Area Harvested,12462.0,(1000 HA)
1062,US,soybeans,1964,Production,19076.0,(1000 MT)
1063,US,soybeans,1964,Yield,1.53,(MT/HA)
1064,US,soybeans,1965,Area Harvested,13941.0,(1000 HA)
1065,US,soybeans,1965,Production,23014.0,(1000 MT)
1066,US,soybeans,1965,Yield,1.65,(MT/HA)
1067,US,soybeans,1966,Area Harvested,14790.0,(1000 HA)
1068,US,soybeans,1966,Production,25269.0,(1000 MT)
1069,US,soybeans,1966,Yield,1.71,(MT/HA)
1070,US,soybeans,1967,Area Harvested,16109.0,(1000 HA)
1071,US,soybeans,1967,Production,26575.0,(1000 MT)
1072,US,soybeans,1967,Yield,1.65,(MT/HA)
1073,US,soybeans,1968,Area Harvested,16751.0,(1000 HA)
1074,US,soybeans,1968,Production,30127.0,(1000 MT)
1075,US,soybeans,1968,Yield,1.8,(MT/HA)
1076,US,soybeans,1969,Area Harvested,16729.0,(1000 HA)
1077,US,soybeans,1969,Production,30839.0,(1000 MT)
1078,US,soybeans,1969,Yield,1.84,(MT/HA)
1079,US,soybeans,1970,Area Harvested,17098.0,(1000 HA)
1080,US,soybeans,1970,Production,30675.0,(1000 MT)
1081,US,soybeans,1970,Yield,1.79,(MT/HA)
1082,US,soybeans,1971,Area Harvested,17282.0,(1000 HA)
1083,US,soybeans,1971,Production,32009.0,(1000 MT)
1084,US,soybeans,1971,Yield,1.85,(MT/HA)
1085,US,soybeans,1972,Area Harvested,18488.0,(1000 HA)
1086,US,soybeans,1972,Production,34581.0,(1000 MT)
1087,US,soybeans,1972,Yield,1.87,(MT/HA)
1088,US,soybeans,1973,Area Harvested,22528.0,(1000 HA)
1089,US,soybeans,1973,Production,42118.0,(1000 MT)
1090,US,soybeans,1973,Yield,1.87,(MT/HA)
1091,US,soybeans,1974,Area Harvested,20777.0,(1000 HA)
1092,US,soybeans,1974,Production,33102.0,(1000 MT)
1093,US,soybeans,1974,Yield,1.59,(MT/HA)
1094,US,soybeans,1975,Area Harvested,21698.0,(1000 HA)
1095,US,soybeans,1975,Production,42139.0,(1000 MT)
1096,US,soybeans,1975,Yield,1.94,(MT/HA)
1097,US,soybeans,1976,Area Harvested,19992.0,(1000 HA)
1098,US,soybeans,1976,Production,35070.0,(1000 MT)
1099,US,soybeans,1976,Yield,1.75,(MT/HA)
1100,US,soybeans,1977,Area Harvested,23403.0,(1000 HA)
1101,US,soybeans,1977,Production,48097.0,(1000 MT)
1102,US,soybeans,1977,Yield,2.06,(MT/HA)
1103,US,soybeans,1978,Area Harvested,25764.0,(1000 HA)
1104,US,soybeans,1978,Production,50859.0,(1000 MT)
1105,US,soybeans,1978,Yield,1.97,(MT/HA)
1106,US,soybeans,1979,Area Harvested,28467.0,(1000 HA)
1107,US,soybeans,1979,Production,61525.0,(1000 MT)
1108,US,soybeans,1979,Yield,2.16,(MT/HA)
1109,US,soybeans,1980,Area Harvested,27443.0,(1000 HA)
1110,US,soybeans,1980,Production,48921.0,(1000 MT)
1111,US,soybeans,1980,Yield,1.78,(MT/HA)
1112,US,soybeans,1981,Area Harvested,26776.0,(1000 HA)
1113,US,soybeans,1981,Production,54135.0,(1000 MT)
1114,US,soybeans,1981,Yield,2.02,(MT/HA)
1115,US,soybeans,1982,Area Harvested,28102.0,(1000 HA)
1116,US,soybeans,1982,Production,59610.0,(1000 MT)
1117,US,soybeans,1982,Yield,2.12,(MT/HA)
1118,US,soybeans,1983,Area Harvested,25303.0,(1000 HA)
1119,US,soybeans,1983,Production,44518.0,(1000 MT)
1120,US,soybeans,1983,Yield,1.76,(MT/HA)
1121,US,soybeans,1984,Area Harvested,26755.0,(1000 HA)
1122,US,soybeans,1984,Production,50644.0,(1000 MT)
1123,US,soybeans,1984,Yield,1.89,(MT/HA)
1124,US,soybeans,1985,Area Harvested,24929.0,(1000 HA)
1125,US,soybeans,1985,Production,57127.0,(1000 MT)
1126,US,soybeans,1985,Yield,2.29,(MT/HA)
1127,US,soybeans,1986,Area Harvested,23598.0,(1000 HA)
1128,US,soybeans,1986,Production,52868.0,(1000 MT)
1129,US,soybeans,1986,Yield,2.24,(MT/HA)
1130,US,soybeans,1987,Area Harvested,23137.0,(1000 HA)
1131,US,soybeans,1987,Production,52736.0,(1000 MT)
1132,US,soybeans,1987,Yield,2.28,(MT/HA)
1133,US,soybeans,1988,Area Harvested,23218.0,(1000 HA)
1134,US,soybeans,1988,Production,42153.0,(1000 MT)
1135,US,soybeans,1988,Yield,1.82,(MT/HA)
1136,US,soybeans,1989,Area Harvested,24094.0,(1000 HA)
1137,US,soybeans,1989,Production,52354.0,(1000 MT)
1138,US,soybeans,1989,Yield,2.17,(MT/HA)
1139,US,soybeans,1990,Area Harvested,22870.0,(1000 HA)
1140,US,soybeans,1990,Production,52416.0,(1000 MT)
1141,US,soybeans,1990,Yield,2.29,(MT/HA)
1142,US,soybeans,1991,Area Harvested,23477.0,(1000 HA)
1143,US,soybeans,1991,Production,54065.0,(1000 MT)
1144,US,soybeans,1991,Yield,2.3,(MT/HA)
1145,US,soybeans,1992,Area Harvested,23566.0,(1000 HA)
1146,US,soybeans,1992,Production,59612.0,(1000 MT)
1147,US,soybeans,1992,Yield,2.53,(MT/HA)
1148,US,soybeans,1993,Area Harvested,23191.0,(1000 HA)
1149,US,soybeans,1993,Production,50885.0,(1000 MT)
1150,US,soybeans,1993,Yield,2.19,(MT/HA)
1151,US,soybeans,1994,Area Harvested,24609.0,(1000 HA)
1152,US,soybeans,1994,Production,68444.0,(1000 MT)
1153,US,soybeans,1994,Yield,2.78,(MT/HA)
1154,US,soybeans,1995,Area Harvested,24906.0,(1000 HA)
1155,US,soybeans,1995,Production,59174.0,(1000 MT)
1156,US,soybeans,1995,Yield,2.38,(MT/HA)
1157,US,soybeans,1996,Area Harvested,25637.0,(1000 HA)
1158,US,soybeans,1996,Production,64780.0,(1000 MT)
1159,US,soybeans,1996,Yield,2.53,(MT/HA)
1160,US,soybeans,1997,Area Harvested,27968.0,(1000 HA)
1161,US,soybeans,1997,Production,73176.0,(1000 MT)
1162,US,soybeans,1997,Yield,2.62,(MT/HA)
1163,US,soybeans,1998,Area Harvested,28507.0,(1000 HA)
1164,US,soybeans,1998,Production,74598.0,(1000 MT)
1165,US,soybeans,1998,Yield,2.62,(MT/HA)
1166,US,soybeans,1999,Area Harvested,29318.0,(1000 HA)
1167,US,soybeans,1999,Production,72224.0,(1000 MT)
1168,US,soybeans,1999,Yield,2.46,(MT/HA)
1169,US,soybeans,2000,Area Harvested,29303.0,(1000 HA)
1170,US,soybeans,2000,Production,75055.0,(1000 MT)
1171,US,soybeans,2000,Yield,2.56,(MT/HA)
1172,US,soybeans,2001,Area Harvested,29532.0,(1000 HA)
1173,US,soybeans,2001,Production,78672.0,(1000 MT)
1174,US,soybeans,2001,Yield,2.66,(MT/HA)
1175,US,soybeans,2002,Area Harvested,29338.0,(1000 HA)
1176,US,soybeans,2002,Production,75010.0,(1000 MT)
1177,US,soybeans,2002,Yield,2.56,(MT/HA)
1178,US,soybeans,2003,Area Harvested,29330.0,(1000 HA)
1179,US,soybeans,2003,Production,66783.0,(1000 MT)
1180,US,soybeans,2003,Yield,2.28,(MT/HA)
1181,US,soybeans,2004,Area Harvested,29930.0,(1000 HA)
1182,US,soybeans,2004,Production,85016.0,(1000 MT)
1183,US,soybeans,2004,Yield,2.84,(MT/HA)
1184,US,soybeans,2005,Area Harvested,28834.0,(1000 HA)
1185,US,soybeans,2005,Production,83507.0,(1000 MT)
1186,US,soybeans,2005,Yield,2.9,(MT/HA)
1187,US,soybeans,2006,Area Harvested,30190.0,(1000 HA)
1188,US,soybeans,2006,Production,87001.0,(1000 MT)
1189,US,soybeans,2006,Yield,2.88,(MT/HA)
1190,US,soybeans,2007,Area Harvested,25959.0,(1000 HA)
1191,US,soybeans,2007,Production,72859.0,(1000 MT)
1192,US,soybeans,2007,Yield,2.81,(MT/HA)
1193,US,soybeans,2008,Area Harvested,30222.0,(1000 HA)
1194,US,soybeans,2008,Production,80749.0,(1000 MT)
1195,US,soybeans,2008,Yield,2.67,(MT/HA)
1196,US,soybeans,2009,Area Harvested,30907.0,(1000 HA)
1197,US,soybeans,2009,Production,91470.0,(1000 MT)
1198,US,soybeans,2009,Yield,2.96,(MT/HA)
1199,US,soybeans,2010,Area Harvested,31003.0,(1000 HA)
1200,US,soybeans,2010,Production,90663.0,(1000 MT)
1201,US,soybeans,2010,Yield,2.92,(MT/HA)
1202,US,soybeans,2011,Area Harvested,29856.0,(1000 HA)
1203,US,soybeans,2011,Production,84291.0,(1000 MT)
1204,US,soybeans,2011,Yield,2.82,(MT/HA)
1205,US,soybeans,2012,Area Harvested,30814.0,(1000 HA)
1206,US,soybeans,2012,Production,82791.0,(1000 MT)
1207,US,soybeans,2012,Yield,2.69,(MT/HA)
1208,US,soybeans,2013,Area Harvested,30850.0,(1000 HA)
1209,US,soybeans,2013,Production,91363.0,(1000 MT)
1210,US,soybeans,2013,Yield,2.96,(MT/HA)
1211,US,soybeans,2014,Area Harvested,33431.0,(1000 HA)
1212,US,soybeans,2014,Production,106905.0,(1000 MT)
1213,US,soybeans,2014,Yield,3.2,(MT/HA)
1214,US,soybeans,2015,Area Harvested,33080.0,(1000 HA)
1215,US,soybeans,2015,Production,106869.0,(1000 MT)
1216,US,soybeans,2015,Yield,3.23,(MT/HA)
1217,US,soybeans,2016,Area Harvested,33470.0,(1000 HA)
1218,US,soybeans,2016,Production,116931.0,(1000 MT)
1219,US,soybeans,2016,Yield,3.49,(MT/HA)
1220,US,soybeans,2017,Area Harvested,36236.0,(1000 HA)
1221,US,soybeans,2017,Production,120065.0,(1000 MT)
1222,US,soybeans,2017,Yield,3.31,(MT/HA)
1223,US,soybeans,2018,Area Harvested,35448.0,(1000 HA)
1224,US,soybeans,2018,Production,120515.0,(1000 MT)
1225,US,soybeans,2018,Yield,3.4,(MT/HA)
1226,US,soybeans,2019,Area Harvested,30318.0,(1000 HA)
1227,US,soybeans,2019,Production,96644.0,(1000 MT)
1228,US,soybeans,2019,Yield,3.19,(MT/HA)
1229,US,soybeans,2020,Area Harvested,33428.0,(1000 HA)
1230,US,soybeans,2020,Production,114749.0,(1000 MT)
1231,US,soybeans,2020,Yield,3.43,(MT/HA)
1232,US,soybeans,2021,Area Harvested,34921.0,(1000 HA)
1233,US,soybeans,2021,Production,121504.0,(1000 MT)
1234,US,soybeans,2021,Yield,3.48,(MT/HA)
1235,US,soybeans,2022,Area Harvested,34873.0,(1000 HA)
1236,US,soybeans,2022,Production,116221.0,(1000 MT)
1237,US,soybeans,2022,Yield,3.33,(MT/HA)
1238,US,soybeans,2023,Area Harvested,33294.0,(1000 HA)
1239,US,soybeans,2023,Production,113273.0,(1000 MT)
1240,US,soybeans,2023,Yield,3.4,(MT/HA)
1241,US,soybeans,2024,Area Harvested,34887.0,(1000 HA)
1242,US,soybeans,2024,Production,119047.0,(1000 MT)
1243,US,soybeans,2024,Yield,3.41,(MT/HA)
1244,US,soybeans,2025,Area Harvested,32552.0,(1000 HA)
1245,US,soybeans,2025,Production,115989.0,(1000 MT)
1246,US,soybeans,2025,Yield,3.56,(MT/HA)
1247,US,soybeans,2026,Area Harvested,34755.0,(1000 HA)
1248,US,soybeans,2026,Production,123422.0,(1000 MT)
1249,US,soybeans,2026,Yield,3.55,(MT/HA)
