date,soyoil_eu,rapeoil_eu,corn_gulf,wheat_gulf
1960-01-31,204,,45.0,
1960-02-29,201,,44.0,
1960-03-31,201,,45.0,
1960-04-30,207,,45.0,
1960-05-31,209,,48.0,
1960-06-30,218,,47.0,
1960-07-31,224,,47.0,
1960-08-31,237,,47.0,
1960-09-30,231,,46.0,
1960-10-31,237,,42.0,
1960-11-30,259,,38.0,
1960-12-31,259,,40.0,
1961-01-31,278,,43.0,
1961-02-28,303,,44.0,
1961-03-31,311,,44.0,
1961-04-30,322,,43.0,
1961-05-31,314,,45.0,
1961-06-30,295,,44.0,
1961-07-31,282,,45.0,
1961-08-31,276,,44.0,
1961-09-30,267,,43.0,
1961-10-31,270,,47.6,
1961-11-30,265,,48.4,
1961-12-31,265,,48.4,
1962-01-31,265,,48.0,
1962-02-28,259,,48.0,
1962-03-31,256,,48.8,
1962-04-30,254,,48.8,
1962-05-31,234,,49.6,
1962-06-30,215,,49.6,
1962-07-31,198,,48.8,
1962-08-31,198,,47.2,
1962-09-30,198,,47.6,
1962-10-31,212,,47.6,
1962-11-30,220,,48.4,
1962-12-31,215,,51.2,
1963-01-31,223,,52.8,
1963-02-28,231,,53.2,
1963-03-31,229,,52.4,
1963-04-30,229,,52.0,
1963-05-31,231,,52.4,
1963-06-30,231,,55.5,
1963-07-31,229,,56.7,
1963-08-31,207,,55.5,
1963-09-30,204,,55.9,
1963-10-31,234,,53.2,
1963-11-30,223,,52.4,
1963-12-31,212,,53.5,
1964-01-31,215,,55.1,
1964-02-29,209,,52.8,
1964-03-31,209,,54.3,
1964-04-30,204,,55.5,
1964-05-31,215,,55.9,
1964-06-30,212,,56.3,
1964-07-31,209,,55.9,
1964-08-31,223,,54.7,
1964-09-30,243,,55.1,
1964-10-31,270,,52.8,
1964-11-30,270,,52.8,
1964-12-31,317,,54.3,
1965-01-31,284,,55.9,
1965-02-28,303,,56.7,
1965-03-31,300,,57.1,
1965-04-30,295,,57.5,
1965-05-31,256,,58.7,
1965-06-30,256,,58.3,
1965-07-31,248,,56.7,
1965-08-31,234,,55.1,
1965-09-30,248,,53.9,
1965-10-31,284,,51.6,
1965-11-30,276,,51.6,
1965-12-31,256,,55.1,
1966-01-31,267,,57.1,
1966-02-28,273,,57.1,
1966-03-31,265,,55.5,
1966-04-30,267,,55.9,
1966-05-31,256,,55.1,
1966-06-30,256,,57.1,
1966-07-31,267,,59.1,
1966-08-31,276,,62.6,
1966-09-30,267,,61.0,
1966-10-31,251,,58.7,
1966-11-30,248,,59.1,
1966-12-31,245,,61.4,
1967-01-31,231,,60.2,
1967-02-28,225,,59.1,
1967-03-31,231,,59.1,
1967-04-30,227,,57.9,
1967-05-31,224,,57.1,
1967-06-30,226,,57.1,
1967-07-31,212,,55.1,
1967-08-31,210,,52.0,
1967-09-30,206,,49.2,
1967-10-31,203,,48.0,
1967-11-30,211,,47.6,
1967-12-31,196,,46.9,
1968-01-31,196,,51.6,
1968-02-29,193,,51.2,
1968-03-31,191,,50.0,
1968-04-30,190,,48.0,
1968-05-31,189,,48.4,
1968-06-30,178,,47.6,
1968-07-31,162,,47.2,
1968-08-31,157,,44.9,
1968-09-30,161,,44.1,
1968-10-31,166,,44.9,
1968-11-30,173,,49.2,
1968-12-31,181,,48.4,
1969-01-31,181,,50.4,
1969-02-28,185,,50.4,
1969-03-31,178,,50.4,
1969-04-30,167,,51.6,
1969-05-31,170,,54.3,
1969-06-30,173,,54.3,
1969-07-31,180,,53.9,
1969-08-31,181,,53.5,
1969-09-30,200,,51.2,
1969-10-31,240,,51.9,
1969-11-30,260,,53.2,
1969-12-31,251,,52.4,
1970-01-31,252,,58.4,
1970-02-28,257,,58.4,
1970-03-31,268,,58.4,
1970-04-30,298,,58.4,
1970-05-31,292,,58.4,
1970-06-30,288,,58.4,
1970-07-31,290,,58.4,
1970-08-31,270,,58.4,
1970-09-30,276,,58.4,
1970-10-31,304,,58.4,
1970-11-30,330,,58.4,
1970-12-31,311,,58.4,
1971-01-31,309,,58.4,
1971-02-28,297,,58.4,
1971-03-31,300,,58.4,
1971-04-30,292,,58.4,
1971-05-31,293,,58.4,
1971-06-30,310,,58.4,
1971-07-31,336,,58.4,
1971-08-31,335,,58.4,
1971-09-30,296,,58.4,
1971-10-31,305,,58.4,
1971-11-30,301,,58.4,
1971-12-31,271,,58.4,
1972-01-31,249,,51.3,
1972-02-29,246,,51.7,
1972-03-31,258,,52.5,
1972-04-30,272,,53.7,
1972-05-31,252,,54.5,
1972-06-30,234,,52.9,
1972-07-31,226,,54.1,
1972-08-31,223,,55.7,
1972-09-30,225,,59.2,
1972-10-31,228,,57.2,
1972-11-30,240,,59.2,
1972-12-31,234,,67.1,
1973-01-31,239,,79.1,
1973-02-28,291,,81.1,
1973-03-31,311,,79.9,
1973-04-30,333,,77.8,
1973-05-31,373,,89.0,
1973-06-30,455,,101.2,
1973-07-31,550,,109.4,
1973-08-31,548,,122.4,
1973-09-30,508,,107.1,
1973-10-31,531,,106.4,
1973-11-30,490,,107.9,
1973-12-31,603,,112.6,
1974-01-31,665,,112.3,
1974-02-28,780,,131.1,
1974-03-31,711,,126.4,
1974-04-30,660,,114.2,
1974-05-31,775,,113.7,
1974-06-30,788,,116.6,
1974-07-31,872,,132.3,
1974-08-31,922,,145.8,
1974-09-30,933,,141.4,
1974-10-31,1045,,151.6,
1974-11-30,943,,144.1,
1974-12-31,892,,145.3,
1975-01-31,775,,131.7,
1975-02-28,661,,120.5,
1975-03-31,622,,120.2,
1975-04-30,624,,119.7,
1975-05-31,516,,114.5,
1975-06-30,525,,119.1,
1975-07-31,578,,119.8,
1975-08-31,599,,131.6,
1975-09-30,551,,122.3,
1975-10-31,495,,116.9,
1975-11-30,423,,110.3,
1975-12-31,391,,109.2,
1976-01-31,385,,110.3,
1976-02-29,390,,113.2,
1976-03-31,399,,113.1,
1976-04-30,384,,111.1,
1976-05-31,370,,118.2,
1976-06-30,408,,121.8,
1976-07-31,457,,121.3,
1976-08-31,456,,116.1,
1976-09-30,505,,115.0,
1976-10-31,495,,106.2,
1976-11-30,506,,98.7,
1976-12-31,505,,103.5,
1977-01-31,502,,111.6,
1977-02-28,553,,110.6,
1977-03-31,630,,108.0,
1977-04-30,782,,105.8,
1977-05-31,741,,100.9,
1977-06-30,666,,94.5,
1977-07-31,548,,85.0,
1977-08-31,498,,76.9,
1977-09-30,512,,78.3,
1977-10-31,490,,83.2,
1977-11-30,500,,93.4,
1977-12-31,541,,96.0,
1978-01-31,522,,95.8,
1978-02-28,534,,101.0,
1978-03-31,629,,106.1,
1978-04-30,624,,111.5,
1978-05-31,657,,112.7,
1978-06-30,631,,106.6,
1978-07-31,586,,97.3,
1978-08-31,587,,92.0,
1978-09-30,630,,91.0,
1978-10-31,637,,95.9,
1978-11-30,620,,100.5,
1978-12-31,627,,98.5,
1979-01-31,616,,105.4,140.4
1979-02-28,653,,107.0,144.8
1979-03-31,669,,109.5,144.0
1979-04-30,648,,111.5,142.2
1979-05-31,636,,112.6,141.4
1979-06-30,673,,120.4,163.9
1979-07-31,690,,130.5,168.3
1979-08-31,682,,118.9,162.8
1979-09-30,691,,118.0,165.0
1979-10-31,671,,119.1,163.1
1979-11-30,670,,118.2,166.8
1979-12-31,647,,115.3,173.1
1980-01-31,609,,105.4,169.7
1980-02-29,610,,113.9,170.5
1980-03-31,580,,110.4,162.4
1980-04-30,552,,108.2,155.8
1980-05-31,562,,110.0,156.2
1980-06-30,570,,113.6,146.2
1980-07-31,635,,128.9,160.5
1980-08-31,636,,143.5,165.3
1980-09-30,615,,140.8,175.6
1980-10-31,592,,140.4,187.0
1980-11-30,639,,146.6,193.3
1980-12-31,571,,141.5,177.1
1981-01-31,545,,148.8,177.5
1981-02-28,516,,143.3,176.4
1981-03-31,535,,142.1,167.9
1981-04-30,531,,145.5,172.1
1981-05-31,511,,141.3,142.9
1981-06-30,512,,136.1,132.8
1981-07-31,530,,137.6,138.6
1981-08-31,506,,127.1,140.3
1981-09-30,485,,115.5,147.1
1981-10-31,486,,112.7,149.7
1981-11-30,470,,111.8,156.8
1981-12-31,455,,107.6,153.0
1982-01-31,455,,115.4,148.4
1982-02-28,454,,112.6,153.7
1982-03-31,452,,114.2,141.8
1982-04-30,482,,117.8,148.6
1982-05-31,509,,118.1,128.3
1982-06-30,475,,115.0,125.7
1982-07-31,464,,115.0,127.5
1982-08-31,432,,102.3,123.8
1982-09-30,426,,100.9,120.5
1982-10-31,416,,91.7,112.9
1982-11-30,403,,102.9,131.6
1982-12-31,399,,105.5,127.9
1983-01-31,397,,107.8,131.2
1983-02-28,395,,117.3,133.4
1983-03-31,394,,125.2,133.0
1983-04-30,434,,133.4,137.1
1983-05-31,434,,133.9,135.7
1983-06-30,425,,135.0,132.3
1983-07-31,477,,140.6,135.3
1983-08-31,651,,152.8,145.1
1983-09-30,733,,147.8,141.8
1983-10-31,687,,148.2,141.5
1983-11-30,652,,147.0,139.6
1983-12-31,644,,143.3,141.7
1984-01-31,692,,141.9,140.0
1984-02-29,669,,137.0,133.3
1984-03-31,720,,147.1,142.7
1984-04-30,772,,148.0,148.1
1984-05-31,914,,146.1,144.3
1984-06-30,844,,147.0,136.3
1984-07-31,697,,142.6,133.7
1984-08-31,679,,138.8,137.5
1984-09-30,694,,130.4,140.8
1984-10-31,679,,121.2,141.3
1984-11-30,698,,117.4,143.5
1984-12-31,630,,114.0,141.4
1985-01-31,630,,119.0,147.6
1985-02-28,664,,119.8,140.5
1985-03-31,667,,120.2,140.9
1985-04-30,693,,120.1,139.1
1985-05-31,652,,116.7,122.7
1985-06-30,630,,116.0,123.2
1985-07-31,568,,114.9,117.8
1985-08-31,518,,105.5,111.8
1985-09-30,469,,101.9,111.2
1985-10-31,448,,98.6,121.0
1985-11-30,455,,106.2,131.7
1985-12-31,470,,107.9,136.6
1986-01-31,457,,107.8,135.4
1986-02-28,394,,103.2,136.1
1986-03-31,369,,100.9,139.5
1986-04-30,349,,101.3,139.7
1986-05-31,345,,105.6,119.2
1986-06-30,351,,103.5,99.6
1986-07-31,336,,83.0,100.1
1986-08-31,271,,72.3,100.3
1986-09-30,276,,65.7,102.3
1986-10-31,319,,65.3,114.8
1986-11-30,322,,72.4,118.1
1986-12-31,320,,69.6,115.7
1987-01-31,315,,67.9,117.4
1987-02-28,307,,66.1,115.7
1987-03-31,305,,71.6,116.5
1987-04-30,333,,74.9,113.1
1987-05-31,351,,81.8,115.8
1987-06-30,351,,80.7,102.2
1987-07-31,318,,76.4,100.6
1987-08-31,322,,71.7,101.7
1987-09-30,330,,73.6,110.1
1987-10-31,348,,78.9,113.5
1987-11-30,338,,81.7,113.7
1987-12-31,393,,83.2,124.9
1988-01-31,433,,85.9,126.2
1988-02-29,406,,88.0,125.3
1988-03-31,396,,90.2,118.2
1988-04-30,409,,89.5,122.9
1988-05-31,437,,89.3,124.4
1988-06-30,544,,120.3,139.6
1988-07-31,600,,125.5,138.9
1988-08-31,534,,119.9,145.9
1988-09-30,478,,121.4,153.3
1988-10-31,449,,121.4,162.9
1988-11-30,431,,114.4,162.3
1988-12-31,444,,116.9,168.9
1989-01-31,423,,118.2,172.6
1989-02-28,412,,117.4,164.2
1989-03-31,437,,118.4,168.6
1989-04-30,440,,115.7,161.4
1989-05-31,460,,117.6,162.6
1989-06-30,464,,113.0,151.9
1989-07-31,447,,108.7,152.4
1989-08-31,404,,100.9,153.4
1989-09-30,410,,103.4,157.3
1989-10-31,419,,107.3,160.5
1989-11-30,433,,108.5,163.9
1989-12-31,429,,109.2,166.5
1990-01-31,417,,105.6,163.0
1990-02-28,428,,106.1,155.5
1990-03-31,442,,109.7,153.3
1990-04-30,440,,118.8,150.7
1990-05-31,449,,121.0,133.5
1990-06-30,435,,120.9,130.5
1990-07-31,437,,114.9,119.6
1990-08-31,460,,110.1,115.1
1990-09-30,461,,101.5,108.5
1990-10-31,468,,100.3,104.8
1990-11-30,455,,100.4,106.4
1990-12-31,476,,102.0,108.4
1991-01-31,455,,105.7,107.1
1991-02-28,445,,106.1,106.4
1991-03-31,453,,109.5,116.2
1991-04-30,460,,110.3,117.1
1991-05-31,444,,105.7,115.6
1991-06-30,440,,104.2,118.2
1991-07-31,431,,105.1,116.2
1991-08-31,457,,110.4,127.1
1991-09-30,468,,108.9,137.6
1991-10-31,485,,109.7,147.2
1991-11-30,466,,106.5,147.0
1991-12-31,442,,106.9,157.8
1992-01-31,429,,109.3,167.3
1992-02-29,414,,113.6,170.1
1992-03-31,434,,117.0,161.4
1992-04-30,425,,108.5,153.1
1992-05-31,439,,109.6,139.7
1992-06-30,456,,110.9,140.4
1992-07-31,429,,102.8,129.9
1992-08-31,409,,97.0,118.8
1992-09-30,421,,98.1,131.5
1992-10-31,418,,95.1,137.4
1992-11-30,437,,94.5,145.8
1992-12-31,436,,94.6,146.3
1993-01-31,444,,94.2,156.9
1993-02-28,433,,94.4,149.4
1993-03-31,438,,97.1,145.5
1993-04-30,448,,100.6,156.3
1993-05-31,448,,98.6,140.1
1993-06-30,461,,92.8,112.3
1993-07-31,505,,101.3,116.8
1993-08-31,483,,100.3,119.6
1993-09-30,489,,100.9,115.7
1993-10-31,491,,106.5,127.9
1993-11-30,536,,116.7,136.4
1993-12-31,589,,121.8,140.5
1994-01-31,602,,127.2,152.7
1994-02-28,577,,123.2,144.2
1994-03-31,586,,119.4,133.5
1994-04-30,584,,113.2,130.0
1994-05-31,594,,109.6,125.3
1994-06-30,571,,112.2,120.2
1994-07-31,560,,97.8,119.5
1994-08-31,600,,96.0,128.2
1994-09-30,672,,97.5,142.1
1994-10-31,642,,96.5,157.4
1994-11-30,706,,95.5,152.4
1994-12-31,693,,102.5,157.3
1995-01-31,674,,107.0,153.0
1995-02-28,663,,106.7,149.7
1995-03-31,652,,109.7,143.1
1995-04-30,610,,109.3,140.7
1995-05-31,595,,112.0,143.3
1995-06-30,611,,119.9,153.5
1995-07-31,626,,127.0,173.4
1995-08-31,616,,126.4,168.5
1995-09-30,614,,130.5,185.6
1995-10-31,638,,140.9,194.0
1995-11-30,623,,144.0,198.3
1995-12-31,579,,148.7,205.3
1996-01-31,554,,156.1,197.0
1996-02-29,548,,164.8,204.0
1996-03-31,538,,184.9,205.5
1996-04-30,582,,190.4,247.5
1996-05-31,591,,204.0,213.4
1996-06-30,563,,197.6,180.6
1996-07-31,549,,197.8,181.1
1996-08-31,565,,185.5,175.0
1996-09-30,569,,145.4,169.7
1996-10-31,528,,127.9,158.4
1996-11-30,517,,117.7,158.2
1996-12-31,514,,117.7,158.6
1997-01-31,534,,118.4,154.0
1997-02-28,527,,121.7,143.6
1997-03-31,541,,127.6,153.8
1997-04-30,541,,124.4,158.6
1997-05-31,541,,118.8,152.7
1997-06-30,550,,112.1,131.6
1997-07-31,535,,106.1,127.8
1997-08-31,544,,112.9,140.9
1997-09-30,555,,112.2,143.2
1997-10-31,611,,120.4,143.7
1997-11-30,676,,117.2,138.2
1997-12-31,622,,113.5,135.7
1998-01-31,625,,114.7,130.2
1998-02-28,634,,113.4,127.3
1998-03-31,652,,114.2,129.9
1998-04-30,662,,107.1,118.3
1998-05-31,671,,106.1,112.3
1998-06-30,629,,104.2,107.2
1998-07-31,612,,100.5,96.8
1998-08-31,592,,87.9,92.9
1998-09-30,615,,86.3,96.3
1998-10-31,614,,95.5,107.6
1998-11-30,614,,98.1,115.3
1998-12-31,591,,95.8,104.1
1999-01-31,542,,97.4,103.2
1999-02-28,482,,94.2,95.0
1999-03-31,444,,96.2,100.2
1999-04-30,443,,94.1,99.7
1999-05-31,422,,92.5,96.6
1999-06-30,406,,93.7,92.9
1999-07-31,391,,84.0,85.3
1999-08-31,412,,85.7,92.8
1999-09-30,414,,86.5,102.1
1999-10-31,400,,85.8,98.7
1999-11-30,387,,85.4,96.9
1999-12-31,375,,87.2,92.1
2000-01-31,370,,93.3,98.6
2000-02-29,358,,95.2,100.1
2000-03-31,363,,95.1,97.2
2000-04-30,366,,95.2,95.2
2000-05-31,338,,96.4,104.3
2000-06-30,330,,84.3,99.3
2000-07-31,339,,75.3,91.2
2000-08-31,329,,75.6,90.9
2000-09-30,312,,80.4,97.9
2000-10-31,314,,85.0,104.3
2000-11-30,317,,89.2,103.2
2000-12-31,321,,97.6,105.0
2001-01-31,305,,95.2,110.4
2001-02-28,304,,92.0,106.7
2001-03-31,328,,90.3,103.5
2001-04-30,326,,88.0,101.1
2001-05-31,295,,84.1,102.6
2001-06-30,287,,83.3,97.4
2001-07-31,421,,91.7,108.0
2001-08-31,427,,93.1,105.9
2001-09-30,385,,90.1,107.6
2001-10-31,373,,86.6,115.0
2001-11-30,391,,89.5,116.4
2001-12-31,397,,91.9,118.2
2002-01-31,389,,92.0,121.7
2002-02-28,365,423.0,90.8,113.4
2002-03-31,359,416.0,89.6,116.6
2002-04-30,371,411.0,87.1,113.0
2002-05-31,400,415.0,90.3,110.9
2002-06-30,457,451.0,94.1,115.4
2002-07-31,490,477.0,98.7,123.5
2002-08-31,503,521.0,108.9,130.1
2002-09-30,506,525.0,114.1,151.8
2002-10-31,529,539.0,109.7,156.8
2002-11-30,582,593.0,108.9,160.0
2002-12-31,591,616.0,107.0,146.2
2003-01-31,541,624.0,106.1,137.5
2003-02-28,522,586.0,105.9,140.8
2003-03-31,523,552.0,105.6,129.4
2003-04-30,541,557.0,105.5,125.8
2003-05-31,549,607.0,107.5,129.2
2003-06-30,546,612.0,107.3,126.3
2003-07-31,531,583.0,96.8,129.0
2003-08-31,516,553.0,100.7,144.2
2003-09-30,558,564.0,104.1,138.4
2003-10-31,608,616.0,105.4,142.8
2003-11-30,631,620.0,108.5,160.9
2003-12-31,637,649.0,111.2,158.8
2004-01-31,657,675.0,115.5,155.9
2004-02-29,682,705.0,123.5,157.5
2004-03-31,689,688.0,127.8,156.5
2004-04-30,672,645.0,133.5,157.2
2004-05-31,628,701.0,128.2,148.3
2004-06-30,582,700.0,123.3,137.2
2004-07-31,605,651.0,104.8,131.6
2004-08-31,605,668.0,104.1,129.1
2004-09-30,602,658.0,97.9,138.2
2004-10-31,583,669.0,93.8,141.4
2004-11-30,561,685.0,93.7,140.8
2004-12-31,552,710.0,95.4,139.5
2005-01-31,520,684.0,96.3,142.5
2005-02-28,496,647.0,94.1,141.6
2005-03-31,544,664.0,99.9,152.2
2005-04-30,546,652.0,96.3,132.1
2005-05-31,538,653.0,95.4,133.1
2005-06-30,560,642.0,97.1,131.1
2005-07-31,561,645.0,107.5,130.9
2005-08-31,550,654.0,101.7,131.8
2005-09-30,545,688.0,96.4,128.2
2005-10-31,579,734.0,101.9,135.3
2005-11-30,559,727.0,95.4,132.3
2005-12-31,538,712.0,102.1,137.6
2006-01-31,536,729.0,102.7,144.2
2006-02-28,533,716.0,107.1,149.2
2006-03-31,541,739.0,105.3,142.7
2006-04-30,540,774.0,107.7,140.8
2006-05-31,588,828.0,110.6,150.9
2006-06-30,601,830.0,109.4,140.1
2006-07-31,630,821.0,114.0,143.9
2006-08-31,632,809.0,116.6,148.4
2006-09-30,602,786.0,121.7,166.9
2006-10-31,615,784.0,142.2,197.8
2006-11-30,676,822.0,164.5,192.9
2006-12-31,698,854.0,160.4,189.8
2007-01-31,697,823.0,164.8,176.0
2007-02-28,715,790.0,177.3,176.5
2007-03-31,719,772.0,170.5,168.5
2007-04-30,754,808.0,152.7,175.3
2007-05-31,789,845.0,160.2,180.8
2007-06-30,836,868.0,165.2,205.0
2007-07-31,887,926.0,146.8,225.6
2007-08-31,922,958.0,151.2,253.9
2007-09-30,977,1045.0,159.4,323.0
2007-10-31,1008,1147.0,164.2,325.5
2007-11-30,1142,1252.0,171.3,307.7
2007-12-31,1188,1337.0,180.3,345.3
2008-01-31,1280,1390.0,206.7,343.8
2008-02-29,1414,1430.0,220.1,388.7
2008-03-31,1489,1510.0,234.4,419.6
2008-04-30,1422,1471.0,246.4,323.4
2008-05-31,1438,1525.0,243.5,255.1
2008-06-30,1535,1592.0,287.1,254.7
2008-07-31,1507,1549.0,265.3,245.4
2008-08-31,1330,1353.0,235.0,255.4
2008-09-30,1201,1238.0,233.8,223.8
2008-10-31,943,1041.0,183.1,185.9
2008-11-30,826,975.0,163.8,183.0
2008-12-31,746,838.0,158.3,179.3
2009-01-31,790,832.0,172.8,195.1
2009-02-28,748,802.0,163.4,183.4
2009-03-31,731,777.0,164.6,183.7
2009-04-30,809,830.0,168.5,182.6
2009-05-31,890,947.0,179.9,202.5
2009-06-30,893,917.0,179.5,201.7
2009-07-31,846,852.0,151.6,175.6
2009-08-31,903,884.0,152.0,161.7
2009-09-30,858,855.0,150.4,158.4
2009-10-31,897,894.0,167.3,175.6
2009-11-30,932,934.0,171.6,204.7
2009-12-31,940,938.0,164.6,206.5
2010-01-31,921,914.0,167.3,198.8
2010-02-28,909,901.0,161.8,191.8
2010-03-31,911,910.0,159.0,190.0
2010-04-30,903,909.0,157.1,187.8
2010-05-31,859,862.0,163.4,190.3
2010-06-30,860,876.0,152.7,182.6
2010-07-31,911,947.0,163.8,222.3
2010-08-31,998,1013.0,175.6,261.6
2010-09-30,1035,1033.0,205.9,276.3
2010-10-31,1147,1150.0,235.8,267.5
2010-11-30,1232,1242.0,238.2,278.5
2010-12-31,1325,1383.0,250.4,308.6
2011-01-31,1366,1441.0,264.9,320.4
2011-02-28,1360,1403.0,292.9,338.8
2011-03-31,1307,1412.0,290.5,303.1
2011-04-30,1310,1447.0,319.3,314.9
2011-05-31,1296,1407.0,307.9,308.6
2011-06-30,1319,1402.0,310.6,282.2
2011-07-31,1337,1393.0,300.8,266.4
2011-08-31,1328,1351.0,310.2,277.6
2011-09-30,1308,1310.0,295.3,267.5
2011-10-31,1223,1271.0,274.8,253.5
2011-11-30,1214,1274.0,274.4,253.2
2011-12-31,1203,1245.0,258.6,244.7
2012-01-31,1216,1253.0,272.8,253.9
2012-02-29,1249,1288.0,279.5,263.1
2012-03-31,1285,1289.0,280.7,259.8
2012-04-30,1309,1304.0,274.0,254.6
2012-05-31,1221,1235.0,269.3,251.3
2012-06-30,1182,1183.0,267.3,249.5
2012-07-31,1239,1215.0,333.1,323.0
2012-08-31,1250,1231.0,332.0,333.7
2012-09-30,1281,1269.0,320.8,343.6
2012-10-31,1178,1214.0,321.2,340.2
2012-11-30,1138,1185.0,321.6,346.5
2012-12-31,1159,1188.0,308.6,325.2
2013-01-31,1192,1211.0,303.1,309.0
2013-02-28,1173,1217.0,302.7,298.0
2013-03-31,1117,1162.0,309.0,285.9
2013-04-30,1095,1132.0,279.9,278.1
2013-05-31,1073,1117.0,295.5,279.3
2013-06-30,1038,1147.0,298.4,268.2
2013-07-31,990,1009.0,279.5,260.9
2013-08-31,995,994.0,238.7,252.4
2013-09-30,1020,984.0,207.4,259.8
2013-10-31,991,1011.0,201.7,287.7
2013-11-30,990,1022.0,199.1,274.4
2013-12-31,991,1007.0,197.4,267.0
2014-01-31,942,948.0,198.1,246.5
2014-02-28,971,972.0,209.3,258.7
2014-03-31,997,1010.0,222.3,286.9
2014-04-30,1002,1011.0,222.4,277.1
2014-05-31,962,955.0,217.3,277.2
2014-06-30,926,948.0,202.4,236.6
2014-07-31,897,892.0,182.7,218.3
2014-08-31,862,852.0,176.4,220.4
2014-09-30,840,836.0,163.1,202.8
2014-10-31,833,859.0,163.1,220.1
2014-11-30,826,841.0,178.7,236.0
2014-12-31,815,815.0,178.7,261.8
2015-01-31,797,778.0,174.7,231.5
2015-02-28,763,763.0,173.7,219.8
2015-03-31,750,751.0,174.2,218.8
2015-04-30,748,748.0,172.1,209.7
2015-05-31,785,770.0,166.3,200.8
2015-06-30,788,842.0,166.7,205.0
2015-07-31,752,810.0,179.6,207.4
2015-08-31,728,754.0,162.6,187.9
2015-09-30,720,772.0,165.6,194.0
2015-10-31,743,809.0,171.4,206.3
2015-11-30,727,800.0,166.2,203.4
2015-12-31,766,821.0,163.9,192.0
2016-01-31,736,781.0,161.0,191.7
2016-02-29,767,780.0,159.7,188.4
2016-03-31,766,766.0,159.1,189.7
2016-04-30,794,809.0,164.4,192.8
2016-05-31,796,806.0,169.0,189.9
2016-06-30,800,793.0,179.9,187.0
2016-07-31,797,768.0,161.8,166.5
2016-08-31,824,818.0,150.2,159.3
2016-09-30,837,850.0,148.4,157.6
2016-10-31,861,914.0,152.3,164.4
2016-11-30,885,918.0,151.8,167.3
2016-12-31,917,930.0,152.4,161.2
2017-01-31,877,891.0,160.0,173.6
2017-02-28,840,874.0,162.9,181.0
2017-03-31,815,847.0,159.0,176.5
2017-04-30,794,839.0,156.4,172.2
2017-05-31,825,842.0,158.6,175.0
2017-06-30,833,847.0,157.9,183.4
2017-07-31,836,906.0,157.5,201.8
2017-08-31,862,875.0,148.5,172.7
2017-09-30,889,873.0,147.3,176.9
2017-10-31,881,897.0,148.6,177.0
2017-11-30,887,963.0,148.7,175.7
2017-12-31,867,902.0,149.0,172.5
2018-01-31,871,848.0,155.8,178.3
2018-02-28,844,827.0,163.4,190.6
2018-03-31,837,800.0,172.0,198.9
2018-04-30,832,793.0,175.6,198.8
2018-05-31,793,811.0,179.1,209.9
2018-06-30,789,838.0,165.1,206.0
2018-07-31,780,849.0,156.5,206.9
2018-08-31,762,854.0,162.4,217.4
2018-09-30,754,821.0,154.8,202.0
2018-10-31,752,850.0,160.3,209.1
2018-11-30,729,840.0,160.7,210.8
2018-12-31,728,827.0,167.4,217.8
2019-01-31,748,860.0,166.7,220.2
2019-02-28,773,830.0,169.5,217.2
2019-03-31,750,809.0,166.2,200.4
2019-04-30,734,806.0,161.5,197.3
2019-05-31,743,816.0,171.1,200.3
2019-06-30,743,840.0,195.1,222.4
2019-07-31,748,845.0,189.4,204.0
2019-08-31,793,877.0,163.6,197.5
2019-09-30,779,903.0,157.3,201.9
2019-10-31,771,909.0,167.1,212.8
2019-11-30,770,891.0,166.3,223.5
2019-12-31,834,901.0,167.0,237.7
2020-01-31,876,945.0,171.8,248.0
2020-02-29,800,902.0,168.7,239.0
2020-03-31,748,797.0,162.4,228.1
2020-04-30,680,759.0,146.9,221.7
2020-05-31,685,800.0,143.9,209.9
2020-06-30,756,851.0,148.0,200.5
2020-07-31,821,890.0,152.6,212.7
2020-08-31,867,922.0,149.3,208.9
2020-09-30,906,938.0,166.1,219.7
2020-10-31,915,928.0,186.7,245.2
2020-11-30,974,1048.0,190.4,247.9
2020-12-31,1026,1098.0,198.8,251.2
2021-01-31,1099,1141.0,234.5,276.4
2021-02-28,1124,1272.0,245.2,276.6
2021-03-31,1285,1322.0,245.2,272.6
2021-04-30,1386,1312.0,268.2,281.4
2021-05-31,1575,1531.0,305.3,271.0
2021-06-30,1518,1528.0,292.6,263.5
2021-07-31,1468,1410.0,278.4,254.7
2021-08-31,1434,1519.0,256.6,276.2
2021-09-30,1399,1629.0,235.6,263.6
2021-10-31,1484,1795.0,239.6,262.2
2021-11-30,1443,1825.0,248.7,334.5
2021-12-31,1411,1743.0,264.5,327.8
2022-01-31,1470,1865.0,276.6,325.2
2022-02-28,1596,1744.0,292.6,339.3
2022-03-31,1957,2162.0,335.5,446.7
2022-04-30,1948,2266.0,348.2,427.3
2022-05-31,1963,2218.0,344.8,438.4
2022-06-30,1752,2001.0,335.7,379.9
2022-07-31,1533,1737.0,323.0,316.7
2022-08-31,1599,1639.0,289.8,311.5
2022-09-30,1548,1402.0,312.7,388.8
2022-10-31,1576,1408.0,343.6,423.3
2022-11-30,1652,1378.0,320.9,420.6
2022-12-31,1409,1260.0,302.2,415.1
2023-01-31,1352,1224.0,302.8,410.0
2023-02-28,1243,1189.0,298.2,311.9
2023-03-31,1113,1054.0,282.5,284.7
2023-04-30,1030,1026.0,291.1,277.2
2023-05-31,988,967.0,268.1,260.5
2023-06-30,1007,991.0,266.9,257.0
2023-07-31,1136,1108.0,242.4,249.9
2023-08-31,1127,1067.0,207.6,230.8
2023-09-30,1112,1047.0,223.8,230.6
2023-10-31,1134,1060.0,230.7,236.6
2023-11-30,1118,1039.0,211.3,241.0
2023-12-31,1062,1010.0,206.5,255.0
2024-01-31,971,972.0,198.6,247.9
2024-02-29,912,963.0,189.1,246.2
2024-03-31,965,1029.0,190.6,228.5
2024-04-30,959,1059.0,191.7,227.8
2024-05-31,988,1104.0,197.8,253.2
2024-06-30,1011,1099.0,192.5,230.6
2024-07-31,1079,1118.0,177.4,218.8
2024-08-31,1031,1080.0,170.3,205.8
2024-09-30,1044,1083.0,185.0,219.2
2024-10-31,1095,1142.0,190.3,233.3
2024-11-30,1145,1243.0,201.3,229.0
2024-12-31,1064,1181.0,202.6,230.3
2025-01-31,1048,1149.0,214.4,230.6
2025-02-28,1069,1159.0,220.9,243.5
2025-03-31,1011,1193.0,207.4,227.5
2025-04-30,1120,1256.0,215.0,219.6
2025-05-31,1163,1241.0,203.9,221.3
2025-06-30,1178,1252.0,196.1,217.3
2025-07-31,1307,1202.0,192.0,210.6
2025-08-31,1245,1213.0,185.5,200.3
2025-09-30,1159,1268.0,197.4,207.0
2025-10-31,1132,1264.0,198.1,209.3
2025-11-30,1128,1259.0,202.0,225.2
2025-12-31,1116,1258.0,205.7,223.2
2026-01-31,1154,1223.0,204.5,217.7
2026-02-28,1282,1275.0,209.6,232.4
2026-03-31,1493,1304.0,212.7,247.4
2026-04-30,1643,1345.0,214.0,246.5
2026-05-31,1781,1488.0,216.2,259.5
2026-06-30,1740,1522.0,197.1,237.5
2026-07-31,1658,1488.0,213.4,258.1
2026-08-31,1638,1474.0,224.0,263.2
